Sequence,hemo,sol,nf
EYKEDKNILHHQHRRW,0,1,0
DKDEHAHVDKGTYADV,0,1,0
NEKYDDHDGNHVIINK,0,1,0
NKYDEDGVFHHRHQKN,0,1,0
DYEDKYEYEEHVAHGR,0,1,0
YVNEHKRVTAGDHRPI,0,1,0
DEDVYINKHKDKCITR,0,1,0
YITHNKDDERCSGVED,0,1,0
ENKERQQDHPRARSGS,0,1,1
DYEHVLDHEHVLDRKR,0,1,0
DYENIVHHDNDDDYHR,0,1,0
DHNDHEVKKASTTGIT,0,1,0
NKDQEHDDRGRAVAIV,0,1,0
NDHEKVYHGHAQIFHA,0,1,0
DKNEYDQGYAPHHPRS,0,1,1
YDEKRRCCGAKSPRHR,0,1,0
EYDKNKIHEYNRDKIH,0,1,0
EYKHMRDNVYMQPRDT,0,1,0
DKDVNEYDKGAYACSP,0,1,0
YKENYHHDHQPSAETK,0,1,0
YDVMRGGARRGGRSTT,0,1,0
DKYEHDNRGSRGARGV,0,1,0
NKQYDNDYECDHVFGH,0,1,0
YKNDEACRNGVSYHND,0,1,0
NKEHDNQHAYTSYSYS,0,1,0
EDNYMKEVHYVKAHYA,0,1,0
NEDNYNYHHQHDHHLR,0,1,0
EKVQVHVQKAYICLQK,0,1,0
NEDKDQHKDKGTHINK,0,1,1
YIKDVYNKETQHVKAV,0,1,0
NHYVEKIRYDHDAETM,0,1,0
YDVVMRRDVGAQTHRR,0,1,0
NDHEYECDDDREFVRD,0,1,0
DHYDNNDVTKRSGGVG,0,1,0
DYVEKNINHMQRMHGG,0,1,0
NKEDKHIEVEHTYMDA,0,1,0
YKDHQERMHRGPPPAA,0,1,0
VFYYMYYDYNDHDRGH,0,1,0
NDYQAKEDYHRPKENC,0,1,0
NDKEHDQALHEYDHVF,0,1,0
YYKTVWCHMTERGHDH,0,1,0
NKDYQDYKHEGDVYEY,0,1,0
NEHKRKCDHISQGYDH,0,1,0
YYVKDKKIRVQNSHTG,0,1,0
ENKQKEDKPTTVVGSR,0,1,1
DEYDHNVHNGSATKQH,0,1,0
YVHYYKDIHIRHNTDM,0,0,0
NQHEDEKYGEYADGKY,0,1,0
DHDQENYNKVTRRRPA,0,1,0
YYVYHAEQQRHDHRGR,0,1,0
DENDHDYNYNYKFKPI,0,1,0
YKNVHADGRDAHTHAH,0,1,0
NKHVYIHKCKRAHVQK,0,1,0
NHQEDHYKDHHVDDYH,0,1,0
DKNRYQYGGTYRYPHS,0,1,0
NKHTYNDDHTFTDVHS,0,1,0
EKNEDGHSHVHIQRPT,0,1,0
NHEQMKRDYDQIKGDH,0,1,0
NDHEKQYGDHAKLFDD,0,1,0
YDDVMCHADGEWQHRE,0,1,0
DKYNEDKRNQAVDRGH,0,1,0
ENKDRYGAPHQYHDDD,0,1,1
DEYAHDHNDNPTTTMK,0,1,1
VYAHEDKYKNIYAHKY,0,1,0
EKDKEKNIVHDVDKHI,0,1,0
DYEKLNHHHPRSTKTS,0,1,1
NEDHVKKNEYYCRTKA,0,1,0
NEHKHIVADKRTTTIL,0,1,0
DHYVLPPLLLLWRQQE,0,1,0
EKVMEVKGKEAMKGRD,0,1,0
DKDENYVHQHHIILWR,0,1,0
YDDVHEGAHEKAHTKA,0,1,0
YINDGVKMCHDRETKL,0,1,0
YDEARHDQTSRDNTPR,0,1,1
ENYKDEHQHQRQPAGS,0,1,1
DYNILVRRHDTSTGEK,0,1,0
NDKDVHYEEYHYVDHV,0,1,0
NEVKDHMKGHIQDNTQ,0,1,0
NEYKHTQDNVYMRPHH,0,1,0
NEYIKDVYEHEFAHKL,0,1,0
DKNRYHYHDEKCRHYY,0,1,0
ENQHRDRDWYYYCYLF,0,1,0
EDEKICNSTKKRHYFL,0,1,0
DKHYNDEHNYTGQHNH,0,1,0
ENYMKDHHHDRGQHRD,0,1,1
NEYDHVCDCASTPRRA,0,1,0
EDNEKIVATPRHHLHY,0,1,0
YINDHDRVDQNGRVGD,0,1,0
DNEYKYIVCWEHKRPA,0,1,0
DKNREGHAHQDGAPSS,0,1,1
NKDNVEHKGEIQYKDK,0,1,0
DKNAHEGRGAREAQPV,0,1,0
DEDYAKHQDQYDQNHH,0,1,0
NKEDYQHYHEDYQQHH,0,1,0
NKHIDVYKYNMDEHTY,0,1,0
EKDNIYYMHNHMNTTK,0,1,0
YDVHHDGDNAHHHRST,0,1,0
EKVMVKVNERAFINLY,0,1,0
NKERDGEAEVVMMMIK,0,1,0
ENKEHADEYMVDPTTP,0,1,1
DNDKEQVHRCRYCRYY,0,1,0
DKYMENVHGSNTESAR,0,1,0
DKYDNYGHDQDREHEH,0,1,1
YKCICYRNHEGHGDRH,0,1,0
EDNYVKIVDHHDDGRR,0,1,0
YDVKKAHDVNKGRGEN,0,1,0
ENKDRDGAPVVEQHHY,0,1,0
YIKHNDENTHVRRAPM,0,1,0
NDYEVKYDHEIKFGSQ,0,1,0
NDEKMYDDAVKTHGNE,0,1,0
YKNDECRYRHHGATPS,0,1,0
YICNKDNVWRHPLLLR,0,1,0
DEHAYVDKRGYISRRS,0,1,0
NKEHYDEQYDYAEYYD,0,1,0
VMEKYDAKEKKLNGTV,0,1,0
YINKECYVNKTDHGNR,0,1,0
DEKYDNYVKHYYIRWF,0,1,0
YYMKDDDGSNIVDHRR,0,1,0
YIKDKCTNVREKHTSA,0,1,0
DYDVEVKRTSNSKKQP,0,1,1
DYNEHVEQARHERTQR,0,1,0
YDDEVACHGGDDVGGR,0,1,0
YKHTRDNARSGARPGG,0,1,0
YDHVMYDRAYIDHTHL,0,0,0
EKNEHDHGAYDHHVYS,0,1,0
DEKYNYYHERRSHYWH,0,1,0
DENVHIYMKKRTTSSS,0,1,0
NHKEQYKVHHGEDYIP,0,1,0
NHKKVVEQHDYRMMMT,0,1,0
ENYDIKVKREHENADA,0,1,0
NHYEVMKQRFDAIMKS,0,1,0
DEHKHYDVHNRYHVGD,0,1,0
EIKYMKDNTSSGDDNN,0,1,1
DKNYHEHGGGTAPRRH,0,1,0
DHDREDHDQAVTGNGH,0,1,0
EYDIKRDYNTKGDCHT,0,1,0
DYDVEEKNDHGDGNRI,0,1,0
NDKHVYEDDNKRPSCW,0,1,0
DEDKHVNGSGANGNRR,0,1,1
YYHKVAHDHDTVANHD,0,1,0
ENDHVMKDGQAHVMKE,0,1,0
DHNQEYDRSHNLGPAR,0,1,0
YKCVCYHNDAPHRGND,0,1,0
YKHERYKHQPSNNGNN,0,1,1
YKCIHNYVRDHDRGGG,0,1,0
EDEVKNAGNGTTKRSG,0,1,1
DYDKHERVDNGQHARI,0,1,0
YDDNAKVCGSTSSAHR,0,1,0
DHYEKDQNYCGIARSC,0,1,0
DYMEHVHAHTYVPRAG,0,1,0
YKNHENRKYGDRQSTR,0,1,1
EDKYGNEHRCVHVRVR,0,1,0
DHEYDNNIKSRAVPTQ,0,1,0
VYAHDGHHPRAQNEKV,0,1,0
NEHVDKYADKDKDTSG,0,1,0
DEHVLVVGVRRRSNDG,0,1,0
DNVEYADKGHGKYTSS,0,1,0
YKHECRDRYQPRGARP,0,1,0
NHYVMLPRRCGDRRRA,0,1,0
DKEDIVAAEQHHHRST,0,1,0
NDHKEEHGDRMEQYGA,0,1,0
DKDQGEDRNHDRNWDR,0,1,1
NHYKDVMHHYEDARHH,0,1,0
DEYKHIHNNTRHLRST,0,1,0
NQKHDEYQNHDECLIR,0,1,0
NHKEQDHKAQVYINDH,0,1,0
EKEDNAVKTAVAPRRR,0,1,0
YDDKIRNNNSTIRHSA,0,1,0
ENKYMICHKDKCVTRQ,0,1,0
NKHEYDDIHEYDHVQY,0,1,0
DHEYENKGNNGVSTRR,0,1,1
YVHYYHPATKMQHRDR,0,1,0
ENDQYDNKHDHYVSSR,0,1,1
NKDQHHDEYQDRLADV,0,1,0
YVFHAHVLPLPRRRRD,0,0,0
NEKDVIHDKNAYHDTK,0,1,0
ENEKIDDGTSYYILQR,0,1,0
DENKNVYAYSHPRGHG,0,1,0
YKNEKHYQDGKRHTHD,0,1,0
NKDEHAHTHAQSPHTH,0,1,0
NKDEYDRNKHVHTYAC,0,1,0
DYMKRWRHGAAPPVED,0,1,0
NHQEKYHNPVKTTRSP,0,1,1
EDKEINISTNAKGKRH,0,1,0
VVERYGWGPQRCSRRL,0,1,0
YDEVKNHGEIRSTTTR,0,1,0
EYVMIKKHAMTKRQVT,0,1,0
DNVMYYYHEEEKKIFL,0,1,0
YDVHAERDVQRKTQIK,0,1,0
NDKQHEHNYERLPPLV,0,1,0
DHDYNIFLSRRPVRAG,0,1,0
NKHTHTREYMDAWICS,0,1,0
NKEDHRGHHGHQGYHD,0,1,0
DNERWQSYVAHGDDHG,0,1,0
NKHTYEHDRDHACVPH,0,1,0
YDEVRRRGRPRGGARA,0,1,0
NQKDYDKHNEHIDHDT,0,1,0
NKEDIYEDMKYTEHTK,0,1,0
ENKYDDDGHPAAARTI,0,1,0
EYMVLERRAGGDGHGG,0,1,0
YKHEQDARTWMRCRRG,0,1,0
DYEDIDKHQHQNKSMG,0,1,1
DKNREGQNRDRNHAEQ,0,1,1
YKDYVNYHEDHVDYHE,0,1,0
DKHNYHIEKRDHHDVA,0,1,0
DEDNKHVYDHAYVYDR,0,1,0
DENKCYDQSRHHGQDH,0,1,1
EKIYDVKKNEYYYIII,0,0,0
DNEHKHVDYTRNIDYT,0,1,0
YIHKDNDDGTQHQLRV,0,1,0
YDHNHIYDLKQIFEPK,0,1,0
YVHEDKNRNRFVAATQ,0,1,0
NKYHIDVHEYNVELHK,0,1,0
DNYMKNNNSHYTSRGN,0,1,1
DEDYAKNNNNHRWGSP,0,1,1
DKDENYYNQHVDKHHC,0,1,0
DKDVHYYDKEDGQRCS,0,1,0
DHYVLPDHRVATNRRG,0,1,0
DNHQYIEKTTSGRGEA,0,1,0
YDEKRHVVHVMCMWRK,0,1,0
DEKVHVHEKMHAYGNV,0,1,0
EYDMMKMHQHHRPMMH,0,1,0
EKNAKGDSYYFYLIKR,0,1,0
DYMEKFHHYVEQIHRL,0,1,0
DENKYMDVHTYQDADR,0,1,0
EIMKNIETYMSKYVGK,0,1,0
YYKVVVHDHRGRPRRC,0,1,0
DKHAVINERAVTNEWR,0,1,0
NHDYECKRVRIGFAPK,0,1,0
NHKERDRQEGDPLVAA,0,1,0
NEKDVNVYAHGHRLFY,0,1,0
YKCNHHTAVVEDERPS,0,1,0
NHYKVERHHPDEVGCF,0,1,0
VMAVHEKFVMVYERFM,0,1,0
DEHKNKYGGSCMTRCA,0,1,0
EDIVKNKYDITRDMHN,0,1,0
NEHVYDKDNVHVHIHK,0,1,0
DYDVEVRHGHGHSRSW,0,1,0
YINDEKVCGAVRHRHP,0,1,0
NKHENDHAYECGHSCE,0,1,0
NKEHDHVDQGAHSHPT,0,1,0
DYNHQEDYHQHHNHYN,0,1,0
NEHVKDKYGEHATSKF,0,1,0
DNYHIIIVMKRRRRPA,0,0,0
DYMEDNHYQDTSHYKA,0,1,0
NKHEDKHVEYANTYPS,0,1,0
DKNRYHHHEETTTSPA,0,1,1
NKDYVEHNQGYDYTDH,0,1,0
NKEHDHEQYGQEYAHV,0,1,0
DEHANTYTCKVKIIKK,0,1,0
EYDKENAHANSHPHTR,0,1,0
VMAHAYPRDRDREQEL,0,1,0
NKEHYEEQYDHVHAYT,0,1,0
VVEEEGRWGADEKMWR,0,1,0
YYIVKVHETYKIREAH,0,0,0
DEDNHHVYDKGIHHTI,0,1,0
NEHKDQHVYERKGTHT,0,1,0
DYEHKDYENKATSGIG,0,1,0
DEHNHYNQSATKRLLF,0,1,0
DHNYYDYDEKRRVTRP,0,1,0
NEDHNYDHNHHYDHDR,0,1,0
YDDEKMHHGHHRMHNS,0,1,0
YKHEDRGRARVQIQFE,0,1,0
NDKDVYDEYAYGYDVH,0,1,0
DEHVHAHANSKGRRQR,0,1,0
YDHHQEWDHYRGLDVD,0,1,0
DNDHAQVEAKPKRRLP,0,1,1
NQKDNDKYDDHGHGRE,0,1,1
DNEKRWRQHGDVWCRL,0,1,0
YKHIFVHMRDILMHVQ,0,0,0
YDNDEYVHDKAGHTRD,0,1,0
ENYMDVKYHEAYEHEH,0,1,0
YITHVNDDNSTAEKRL,0,1,0
DNERKYYHPHEQKMMI,0,1,0
NQKEYDHKQDFSYIIL,0,1,0
DYEDVEHQDVKYRDTI,0,1,0
DKHEDKHVNICAYMFT,0,1,0
YDVHDAHGTHSGNSSR,0,1,0
DEHKYNDEQTTTSCSR,0,1,1
NDHVMKKDYGRVEKAY,0,1,0
YVCHERDDHNNKKIIF,0,1,0
NKDHVQYEDHDRYIAD,0,1,0
ENKEDIQHMGHHDMQR,0,1,0
EDIMKKNYHRRWSCTS,0,1,0
NDYMKHDEQVHGKDER,0,1,0
NHEQKYYDHEPLIVDK,0,1,0
DENKYICVHVRKKTMK,0,1,0
ENYMRGRMPMRRGQVA,0,1,0
DYNHIEVEAETEKKRK,0,1,0
DKHAYDNKCVHGEHAF,0,1,0
EDKNRIRISSSSSAPV,0,1,0
NKHIVEHNKHTYVIER,0,1,0
EDINKCYDIHVDKSHH,0,1,0
DNEYEHDDHGCARKKI,0,1,0
DNHEYILRRGRRWIPR,0,0,0
DEYVHIDNKDYIYLGK,0,1,0
EYVMMKRRCGNHYHRP,0,1,0
DKYMHNEQEHTRPGAP,0,1,1
YVHEKFCIDKNISTDR,0,1,0
NQHEKYDQDVDAYACS,0,1,0
DKNEYHYQHDATTRPL,0,1,0
NHEKDHVQGATSSFRP,0,1,0
EKVVVVERVMILMQRR,0,0,0
DENKHTHENESRYTCA,0,1,0
YICKHDNDYYNKYDKE,0,1,0
NDEHAKHDVYGEHSTQ,0,1,0
NHDYMVENKYAHYEES,0,1,0
NDYKEQYVDDRKKHID,0,1,0
YKDCHNYRYEDNQYNP,0,1,0
NHDKERQYHVKGGVAS,0,1,0
YKNCVHHESHADHQPR,0,1,0
EDIYEVNKYAYKASQH,0,1,0
NHEQKYYYDEKKIVGG,0,1,0
DKYNHEYEHVQAHVDA,0,1,0
EYDIMKRHNMKTRQSN,0,1,0
YVYKDHIHMDYNRHIY,0,0,0
EDENVYGHDDDAHGRH,0,1,0
YKENYCRGVSHFHDCR,0,1,0
EKDNVKEKEYAKATQH,0,1,0
NQEYNKDHSYDIDKNF,0,1,0
NQHEDKHVDKYVDTHA,0,1,0
YKENYHHDHRDGHHHD,0,1,0
NQKHYNDQTYYNHSHD,0,1,0
YDVKERYYNAKQTIYS,0,1,0
EKNEIDGDADSDSNRY,0,1,1
EYDKNKNINMCMRRWW,0,1,0
EKDNKYVHGRRASPLF,0,1,0
DNYMEQDHHREKGHCF,0,1,0
YYVVHERVDAHTVRDR,0,1,0
NKDHEQYMDNDDGGYV,0,1,0
DEHKYNSVHERTTIHQ,0,1,0
EDNYMKDKGYSKNTCG,0,1,1
NQKEYDNHIKYDNYKM,0,1,0
DYNKEYVCHHQHVRWA,0,1,0
YKNDARAVAHESRGVP,0,1,0
YKECHGDYEGNSRRVA,0,1,0
DHNYMDHEHHGHAATR,0,1,0
NKERVDNERAGSTASA,0,1,0
NEHDKYVDKHVDTRVG,0,1,0
DHDNEYVCISRTRAGD,0,1,0
DENYHKDAKRRVKKTS,0,1,0
EYKNRDHGATTTVAAP,0,1,0
DENYDILNSGGTTTKR,0,1,0
DHDEYNNQGHNVFKIR,0,1,0
DNEKDYATQVKMTSSG,0,1,1
DHNHNILDHNRSMIEK,0,1,0
DKNRNGHHHPHLQEVT,0,1,0
DYNIHDEKDVYNKKEG,0,1,0
YDVERRRRSRARGRSP,0,1,0
DHYEDDVHENVHKSMR,0,1,0
YKHERDGVHERGRAAT,0,1,0
DENKYMDQHRHMGQHR,0,1,0
EKNDHVEKYDHIATTS,0,1,0
NQKEHYDNLNKYDYNK,0,1,0
DYMEHDNDHIKRGSGS,0,1,0
NHDRERKSPVATKKRG,0,1,1
EIMYNLFKKFLFSPKQ,0,1,0
YYHVKDNSTAVVRRPP,0,1,0
NKDYENKVNKYDYAHE,0,1,0
DNVYVDKHAYMEQRSY,0,1,0
EIKMVETKMADTRKVN,0,1,0
DYEHKNKNGKCVCIRS,0,1,0
EKVVVEKNVIFLLHYP,0,1,0
YKNEKHVTIFLPAGRQ,0,1,0
DEKHYYVNDKRRFITN,0,1,0
DENAHVHDATSPRAHV,0,1,0
NKEDYNQGHEAHNHGR,0,1,0
YVFHEKTYALRKKINA,0,1,0
YKNEHVRYGDVHGRYG,0,1,0
EDEYGKHRRRWSPARV,0,1,0
NKEYDYKHDHAYDCTY,0,1,0
DKNHYYENKDRYFISA,0,1,0
DNEHQHLADSVYTQRA,0,1,0
NEKDHQAQGHLDRDHH,0,1,0
YICKTHDRDGHNSRIT,0,1,0
YYKEVHYYIKEEHHYL,0,1,0
DYNEHEYEHGRRVRGS,0,1,0
DNYEHIVAPSNKQHRR,0,1,0
ENQYMDKDHDQYVGDH,0,1,0
YDDVHDGENGKNSRTS,0,1,1
EKINVHDHVHVQHHLR,0,1,0
DKYVEVHRHIVMILFS,0,0,0
DHEYEVAAASTKNSRG,0,1,0
DEHNYDVDAKRYITSG,0,1,0
YVNWKNWKTQHMDRRD,0,1,0
NKYDEHGAHVHEHEYE,0,1,0
NHEKYDHVNYGDIYYD,0,1,0
NHDKEQVYYTKKRGRR,0,1,0
YDVMMRRGERAGATKN,0,1,0
DNHAEDDQRWCYFIKK,0,1,0
YYVYKEKYAHTDGSHP,0,1,0
VYAHDDGDYYCCRKKE,0,1,0
DYEDNAYGQHSYGHNH,0,1,0
NHEKEYGDHVEQHDRV,0,1,0
NEDNKVNAYDDHGGRG,0,1,0
