Secuence,Label
LDLDDWYTVDRDAMSM,1
KEAKEGATEWCPIVIN,1
IYMYQNPQADYQKTVV,1
YYIENVMHVAMPMYYK,1
LERGNRVEKRWCCCSR,1
TCLQQEGRGRGRGQGQ,1
NRQRNSNGVAMSGTAT,1
YYYYIFAMSAIAHITH,1
EYYAQIVITTKININV,1
YAADCDMRCDCDMHCN,1
HHRTRTRAAAAGVVAV,1
DFKDVFDDTVQDDKTP,1
NETNHVKVNPVATSLN,1
DDLLLSSDNDLIFIST,1
KVEIIMAQGKMIIRGA,1
YVYVQVYVYAAVPVYM,1
NNEKVAAAARSFCCVG,1
DNMLLNSNYINILLCL,1
DWDGQGWLDWDKNGKA,1
QILFGLLHLSSSQMLE,1
HIHLINRIIHVDRIIR,1
HIYHHSCSPVVPCYCL,1
YKHHHHCCCSSCGDWG,1
VLLVVNWNIHFFFRFN,1
EAAIIEAKADFEVSQA,1
TTIIDRTTFCDVRSVH,1
KDKMDNDKNDVAVVVV,1
RYMHNYYYEIGYNGYM,1
QDQDLDPLEVASCCCM,1
YVYVFWFCCPHSQLGH,1
MFLISHMNEFLAHDVN,1
YQNMYNNYWDNLIKL,1
QFEPMMAEHHEVAMEV,1
IPKFVHQIYKIPFHNC,1
HVHYYGNLYYRPRHIW,1
MLLTIPQALHWKPWLL,1
DKDNHDHHNNHKDYYN,1
LFLWDDLVWGWDDQEY,1
DMDMDKCDADKDDWTD,1
KVKDRVKMEPLVLQAY,1
DQEMNKSVEYSNTFTI,1
NNLLLDGDIVEEEEVI,1
IYSILNINLINLNLLL,1
YIYAHVFGCGCGCQSG,1
QHSQVQPTEAKDTIIN,1
LAIEEVTSIVEMALVR,1
DMDMYHDQDKDQYRDQ,1
SDCACKCEENCGVPGH,1
AETWVSSEPSIQNEKS,1
YVFVEFCSPFSSFYYF,1
EECDEAATAIALVLTL,1
DYRRWDDYRMLGNYGN,1
KEKYLFLFLVWIYWVV,1
RVWVHYFLAWVYHFHY,1
YIIHYQNLFQDESRWR,1
HVHMMQYVHMVIVMYY,1
HDAWEEWADDDDGPDF,1
VQDVVQQQGQPESRAV,1
HMHANHYHQMRMDASN,1
HFVVVVDYHVVVVDYY,1
VYIHKYMYVHVPVCVC,1
DYVFDDHVSYLFDKVL,1
HNFNLNVCSLNLCSVR,1
YTYHKFTLTYHTLMVT,1
DPYDQQQQHNNNNKTF,1
KMMEIANLVMEIYNLD,1
KDENYNKDAGRSTRAH,1
VYARVVYARVTYAGCN,1
KLKLTLINIMEPLPMM,1
YWVVVVLPGAVMVVGV,1
DADRAESSDAVARLWS,1
RIQQVDVGIQQVEVED,1
EMLMRRMKMMKMMRAG,1
FRFYFFFLFVINGLVI,1
DIDKEHKVDYNKVYKD,1
KELAEMQQIQMEMNLD,1
CDHDYWEHNCDHRDCK,1
EKSEEYARPLPPARHP,1
EERDRDAADRETADRV,1
NQANDDQLLLLLQLHH,1
VIIKNTNYIMIHPQQE,1
VAVHVDVGLTVVVLQE,1
IRLHFIYVIKDLNFYV,1
DDRHMPNDLMHDALDL,1
EGQTVEQVQSNKADE,1
VYVMVYGMVYGYQTKV,1
DDGCYECEDFRAQRRV,1
DIVMPADVVSANTIVI,1
DDAKVNLNEVKLNLNV,1
EKRCIRGNLEGTEING,1
YYKLVVHGCKQMPPPM,1
ELLRKIEVNTIRIEHV,1
DKRRCDICQRRGHMRW,1
KIIDLKQIICKGANNC,1
DRRKDAYQTWDGVWQS,1
MMGEEMIFFGETRIFF,1
RFLEENFVEGNFVEFL,1
DDYDVDASGSGTGCCN,1
VDRWWHKDKWRSQEDK,1
YYIVNYINCVKNVISN,1
DRVQIKILWIDFLICF,1
IFVIYDIVINYSKVSF,1
DVMMYYDMYWTKYYCV,1
YMVVAPCTWYLVNPYM,1
KNTQDAHTHTWVTIND,1
QDQNHVNPFMMIMQQQ,1
HVHIIYLPATAAPAAA,1
VYYVHYVNYWQSNNET,1
VHGGAVVVVVEEEDRD,1
DTDNLYYYCFWDYHYY,1
QEFQEEWLGIGVFWWF,1
RIVMTFVTNHVLTLKT,1
NQIEANQNIEVIITMS,1
NNKNNNNMYYMYQCYC,1
ECEEFEEGHEVVNLKV,1
QQLLSPISGIKQQQQY,1
YYDVFKQQQMQQTIPN,1
YNCNERGERVAEVVVE,1
YVYDEKLYIYNVKKHV,1
YYVHKPVYCVYPKAIT,1
RDAQQQTLNMQPMQGF,1
YIKTGRDYSNTGRNYD,1
IFIYISIKYENLIIHK,1
MDVMNDSVDDMDMMND,1
NCDFNFFGTRRRRRMH,1
VVLGVTRTVLGVNKTW,1
YVYAPHVGSMVIIMID,1
AKAMQAEFAQFLHEFL,1
NECPESGESVVVEQQH,1
YTVYMAYERSVDYTRH,1
YEYQNSYQYVTCVWIM,1
EVVGKEKIVGCLQQVI,1
HDTEKRHDPGKMAMST,1
EYTKYYDYTNDCISHA,1
VIVYVYMNVRVEINVH,1
YFIYYIFNYMQNLLNV,1
ENGVVPPPPPPQQQQQ,1
CMDVSGWNCSPEEMTM,1
HPVPYPYMVNTCSSNM,1
NKQNEKEIEGGAPRWR,1
DMDEMQDAAQVSQVSQ,1
DMDCNKDVDVYFSTLY,1
QDQNKRWNWNHDFIWW,1
EEELREIPQYMTGCVV,1
NWDYIDAYDILDIWDE,1
QLLYYILKHLNNTSFA,1
TVIMAAVTAAMIQTQS,1
QEYQKLEQTCLYCRIK,1
NNLDFAAKDAMADNWD,1
QEQESKAQTNMNCLVA,1
YYFHLHVFCICVNPMH,1
DWFHYFALFRYIAGPR,1
DYAHVRHWDRSRSIAI,1
LLIKDLKNLGENPQQQ,1
IFYTTIYQFCVIQYQR,1
NEGDLGIEKGLIGIQM,1
REKAHDWYRTDDDDDC,1
WLVLPMVQQGGPGMGA,1
EYVEEVYWGFFQDDYD,1
RNQIRWNLLLSPLLQL,1
DYVMLRTPSIRIRRRS,1
QMQMQMQLHAQQLSQP,1
LFSIMLLFYTIMILYT,1
NDDCHRLATPPPPPRH,1
DMMMRDISDLYLMYYS,1
YDHLAATDFIAATVCG,1
DFPMHKKVVKKKKEVI,1
HVHVHYVNVATIVVVH,1
DYNDEFKIIIVIIITV,1
NFIEIYNTCKTRIIIR,1
LLKIVNKDGGKSTIMI,1
RDVHERRDFSFSFSYS,1
YKYPYINNNVHISNKN,1
EETRFFFFFFIHYWGE,1
KQIKTNDNEINFGQIG,1
YEKYVYLYVMAHLCVT,1
QKQQIHLISCACLNPH,1
EYVNVKAEALPYANLF,1
KTETGEAVWVSTEGDA,1
VWAMVALNYAVYHYAA,1
RQLMIHCTHSIIIHHS,1
EVVEADVNGDVVSPSS,1
NLIKKNQLILTENNYI,1
VDKYKAVCKQSLEGAP,1
KKEHILIYSFWDIALT,1
VCDEEQFVYNGETVMA,1
YIIHHSCYMRNTCLFW,1
DNYLRDRDQHIRYNDN,1
DEAVVDDEAVVDDDAL,1
QWIKEQLNNLIFQNLL,1
DWDFIWLDEPHMFMVG,1
EHQGEGHQDPRATAPP,1
DYNDYDCLFFSSFVFS,1
VAVYQTANVCGETRQN,1
TWEGARQIQWNTHINV,1
QEKEGPEPRKIVVVWW,1
VKFPMHIHPVHISHHI,1
QLPLQLDYTPLNDIIS,1
YTNYHEHHHYYTYFIR,1
IFKICCYNPTYKQQQL,1
YVYIKHHWIFMYTCSH,1
DLPYVELQPQFPEIVN,1
YFLMRAFCLAERIVHM,1
HEEIMELWEAIFELWE,1
QMKMNMMMHWGFWNWW,1
QLLLIQIQIYFWLISL,1
DACVCAPIESCSHVRG,1
FCDEKILDDAVIAWDV,1
YEPPTYYPQRKDLKDL,1
YYLYKVLIIRVLIIGI,1
VIVCVQVYQANAYEAY,1
DMRDYRRHRHMCMCMC,1
QKRIMKAITVSDITIS,1
VYVVHGDYVYVNGDFV,1
EQAAEKGRSKGKGEVY,1
WVFVSIWAFHNILIKN,1
QMTNQKTENMATTKPA,1
RVLKMLKMLIMLTGKM,1
ALARLDGDEQEEECCS,1
KLDVMNLIWHSVDWLE,1
EEREHMYLYLQYYYYF,1
NARRPQQPFEPAPYGN,1
TQVQVQDKAAQFLMMM,1
LQLQLDLNFEGDVFGF,1
HRAHACRVHTTTAAQR,1
NIDSDQLEIVNFDFID,1
YALLLAAAHATTATRR,1
WDDESHDDHDHFFFKK,1
NPEVNVDVNANVEANG,1
YMFVVAYVMVVVVAVV,1
FSFLQFFSLYLSIIHT,1
IIYHIYNCPPHIPAHA,1
SYSYHCEVFFHQGEVF,1
RYMRYDYYCNKYYTN,1
QKDIQVVNITACCKDF,1
NWGDRLDCTFSDDNWQ,1
YYVVYTRYLVISVSNH,1
DNDDYDNNGYMLLLLL,1
FMFFIFFAKYIFFVNI,1
LRDYYDNRDYYYRYAD,1
KHPEKVKKPSTALTAG,1
VVMYHIKNLHYAYLHI,1
VVWWWVVWCTYTEKFN,1
YIHRNDVWVAGDEVVF,1
RRMKEEEMKLEMRPCW,1
TNPAGASSLLLAAVFW,1
HPQYHGAHDHATNDTN,1
QNQHQLNEQPIPIPWH,1
YYIRHMTTNYYYCTRW,1
NKLKHQELVQLFNLSG,1
YYYAIMTVHQIEHMDC,1
YNYENVGHTGRTGRPT,1
NQTNNHISDQTIFSQK,1
PETLIIYIKRCFVYKD,1
EHNYKCKFNALVFFDD,1
REVELEVGINEEENSV,1
DCDYLVEFDEDEWNVL,1
YYVYVHCVFHYYPYLY,1
HVYMWMTYVICAAYTY,1
VVYLMIIHIIYLIIPY,1
ILLVKFVFLVPWAVVC,1
HAHADTHYAPGGRGKS,1
QMDMTTPNTEITTNKC,1
YEHYLQHGRGYSRRGK,1
NIQMLMMRRMWRGRGP,1
IYTIKVHIHNVNVHIY,1
KQILIDFTYGQDYQDW,1
PQQFVKVPKHEFMKVE,1
IYMFMIIHVYFLPHYW,1
DIFKYIIINHVLIYVI,1
NAYVYLDLSTFMYHT,1
YYVMMMKMHLEMCMMK,1
GECMFIINDACVFIIN,1
AKAKVQAHAHEHHPHI,1
FYYCQKIYCYCQKTEP,1
YDEIKSDVQKIGVDVL,1
HTYNPRPGNGRDHVPP,1
DDVGVEDVGVKEVDVF,1
EKENHKYDWNWEAEFE,1
VVLVRVVVGDPGLFFF,1
IYMPMAYAYTYMYKHM,1
FMFCRDNFWQQHGCHD,1
DNQQQQMTSAAVIIIN,1
DNFQQQLVFFVFLQQL,1
VVKVYVEYLYLYYYNE,1
PDYELYWVRLRLRLRV,1
MEKNFVFLDLDIDHRQ,1
YITMIVVITGESMRKN,1
AFACSCCHCIYCCCTG,1
DPYPANRHDHRPAQQM,1
YTYYKQWIDELTDKLC,1
VVEEMHVVMAEAVQVI,1
IWLYIVGQYYMGAGGG,1
DCADELMMVTFMRRRR,1
YAAHVYVPDYFFFYFL,1
DNFLELPLDLDILNSD,1
QNNKNRIFADKINFF,1
LKKVLLLMKPTNDEMV,1
TILSKNYQTPVLPCIM,1
HTHAHHDNHNKPHQTD,1
VIYHHPYRTVAAVAFA,1
YRSHKIYCYSHNICSV,1
HDHLKKHVHDNFKSFS,1
YVYGYVYASVPAASGS,1
GIINAGPRMPQGKEIV,1
NQTFNNFCDEFDIDDM,1
VYVCIFMHASCHMHVC,1
QEKWMGWNDKWVGLGD,1
VVFVNGYPFVNGYHCV,1
DEDEKMMECSMRMLSC,1
YYHIYYYHHEYMHIQQ,1
AAEFIDTLAMEYPTLI,1
VVVVVGQATFAKRRKA,1
NIEMKNAEMEMAPIVS,1
NLKELDLEELHLEANH,1
HDHDYICEYDSYRWTC,1
DVIDTYNEDVSLTYAT,1
HRARYLWRCHENYHRV,1
ELRVLRESIVMSDQRV,1
EEEHEFFICVCLCRCI,1
NKVHNYDNVYTEHNLI,1
DKANNALENAQEFEHN,1
IYYLIIIDYNISIHCT,1
DDKKWWVDDNHLSYGV,1
PLQMMQGFMPVPISYP,1
DIINDVINLSVQMTNL,1
HVMNWYATWYCTCRWC,1
NLDMDMDDLHFPMFVC,1
IYYFIKYVMEHVIGHI,1
REEEWGKEWGKPKCKP,1
EDADLEHADADLEYAE,1
PAAPMRTRTAQMFSRP,1
VVPVATTALVLVHADT,1
DLDEGMDQELDLEHDL,1
EYIMAECIYMRQIYTQ,1
HAVHLRRALMLRLPLP,1
MMNEMNRRIYGAYYHP,1
NWHQRCEWPNIHCCKE,1
HIHRIYQYVKYHVVGH,1
IWILYIHIHSRTRTRT,1
IYHITVTYNQSTAAAA,1
EECKIAMEEVKLETEE,1
YAYIHAYTCFKNALAA,1
HHHHDDYDMLKYFFGL,1
ENENDNKNYDFQGFHQ,1
PQSVEVETKPQPQVSC,1
VFDVNVNINIKINKIM,1
YDDDYDYDIMDADDKM,1
NQAKAKAKADALAKAA,1
DLDLRDQQVRDQQTDL,1
IKFYNIIIQTTQAIAV,1
HRNRDRRVVWGNRGWG,1
NNEVNFTFQKVQVQLP,1
EEKCRQVQCGQEQWYY,1
GLVWMVEQAQVRSLRQ,1
EVPVHIYVYPICLHTN,1
YNCNYCQCVDRNVDVC,1
NLNLPSHLDLPSHLDL,1
YYFEFNGKNPILNPHL,1
NTKNATNLAKKAVIVV,1
DDRAYYDEHPKYYFTY,1
DLVMIDGLACADEHQN,1
DRDDDHDQVNWDAGGG,1
HHLLNYNIVSNMNNAK,1
HDHDHGRHDHNWHGID,1
TILETNAIQVNAIKEN,1
HYVYAHYHVLMRPWAY,1
VVHVVLAPVRRRYYMF,1
FYKNWQNWIQNWQNWI,1
YKYKHAYPHTDPDTDR,1
AMMACLSLLIHMATWM,1
VVHYVEVFVHYVYHWG,1
NNKEVQDQLPVHVNGS,1
WTVVTTVFTPGVVSSL,1
YVYIYYFSYTAPWVCL,1
YKYYVNTANIMYHQHY,1
YVYYMVYVYEYVPWPV,1
KIHIAQKESSIAPLPL,1
RRDHNATLFNNNATLF,1
YHSSTGGRVVVKKAAE,1
VYVYVYVEIVHGKLEC,1
DPYDWNYDFYRYGCDI,1
YYRRLRDLLFHAPHRA,1
LVVIPVLVHVPIAYAH,1
YYVFVHAEGYFVELII,1
ETDAVETDAEKISGRF,1
VMYVHNVHVYADYADA,1
DGRRTHCARAHTHSWK,1
HGHHHMRGHMHCVWRK,1
VYEYMVPYEYGISGIS,1
DLVDPVDTINIWFYMF,1
FYFFNNLNTMNDNIMI,1
KDELMAYIEEFMAFIE,1
NNSPEVRYHVLLLYAV,1
VTVVVVVTTYQGTQPH,1
LPLKLSQSLRLSRNLA,1
LWVWLLWAWQVLFGVR,1
QFIQNYRIQMYILRPC,1
KKIETLWVGSSSRRRR,1
EEVHYMMRWYWRWCPC,1
HPHPKPSRRGAPEKGN,1
HYVIYHYPTRCIGTTV,1
VHVVEVVNVEGAPKAL,1
DEVMQQNVNDVMPTHV,1
YNCHGKCHHGRAKAH,1
ELNYAQAQTITSSSNN,1
IDLYDEIDAVDVVIVI,1
VPCVVCNVVHPEENAE,1
DRTYKDRGQPGVVRTG,1
FILISNMIAFNFQLAQ,1
VVVPLVVVGVGNAIAA,1
YYMYHTMMMKWNTNMV,1
EIIDDCDWNAIDINVH,1
HPYNAVNRYYSNAPNR,1
TTQEGGAAAVWEGSSS,1
VKVVVIVVVVVVFVVR,1
DYDKDLDENHLHLRRS,1
LDGDQKFWLEDWIFWN,1
IYIEMMQTNKIDWENS,1
EKEMNWDKECNWDVYN,1
VHGVPMVVHVVVLVF,1
KIEIHEIIKNIMIRWR,1
NFVVVHVDFEGCWIVH,1
NYHMNNSLNPIMVHHN,1
VQNYVWVWHHHHSFFP,1
EEIEAEANTAIALSLS,1
YFMVVHVSGFSKLVIL,1
HGNIHKNYIHRVHVHG,1
HPATRRPRVAVTRATK,1
EDGGEAEKSGGEAKKS,1
VKHYVRHCEHHATHHR,1
VIYYGYMVYFQKTWLG,1
QFRFIINPWDCRGDDY,1
YVCTVGGYCTYEVGGY,1
FVIVYGTGIGYLNIII,1
VVHLVCLLLKDDVAAI,1
EEVVRWEDIYFCCRWR,1
KQEIIWVIIPKKKSII,1
NNEVVGVYYYYLQQLF,1
CNCQDADSNGNAVVVV,1
HTYIVRYTYIACVYYW,1
MLKDEVSLYKDLSMYM,1
DMNNYVGPEEEEMVRW,1
YYHYDHAVNVTFSEFT,1
YVYPLPGAAAAVVMMR,1
YFFAADGTSYLLLLTT,1
VVECVYFEYGYFVFMI,1
MSMNKALSIKDMFQKD,1
YYFILSNIIQLAISKI,1
HHLINLYHLNLNLHPN,1
KDVYHIMDETLMSAD,1
YKIHMSVRHYYTRAVG,1
ATAKFWATTKFWYYAA,1
WETQYYPTYIPTEQIL,1
ELEKQQKKNNNGGGGN,1
RQSSVIINNSSIIVNI,1
YINEKYLYMNEKCLCM,1
QDEEVKGLVWLVAVAS,1
KEYKGYDIMKDHHAHA,1
DNDNILHQMLAEFIFE,1
VEFIVPMEGVEVVHHH,1
DDSLLLLVDSVLLMDD,1
KLQLDDEMLLVDQQCI,1
EEIPFEEVFEDMPFEE,1
EEWNKEIIQWANNWRI,1
VVRPMGLAMPMGHMTL,1
DGDAMVDPVAMLEPVE,1
EKKKVVNNSSSCCAAG,1
FDDCQQLDFPQCHMQD,1
NLCQLNFHWDCQRNCV,1
HTHTDKVQTCHPNTPQ,1
QQHTILVLLQYWLGRW,1
HKPYTYRTKTYRCITL,1
EVALVEVALVTVMEVN,1
DYDYARVATATTKSKM,1
DKKDDHAVKERDMTIR,1
KQMKDQSLDVILLLLR,1
TIEHQHIHQFCSIHPI,1
VDERLFFINWRFAFIV,1
HTHTHGSRGMRYLRTK,1
HIYINHKNYYNCKRNK,1
ANANASSSSVHIVDDD,1
QLLEPIQSQLESIAES,1
CTWKFYVHYYVHFNDN,1
YEYAYENLLELNHHTY,1
KVKKRVKVKDKVENAK,1
EIKETEIIMKAIEICI,1
DGLSLSVDGESSPVVS,1
YCTTRGHCITRGHCIT,1
KTLGALANAKNDKVMN,1
HTYHCCGADYYHYTTM,1
VVHEVDVTLHVATVVN,1
NNLETFNQVKKVISDR,1
NQSHIFNNNFLLPFLS,1
NATHKHTKTNTNTYTR,1
VSEYTGNGDGCGCVCA,1
DRDGYYRNRTNYYYYF,1
YSYYVVLRYAHRHVCR,1
GYHYGTRGCVCSTIVV,1
DDCHVVDIFVADIVIP,1
LQLQQELWWAQWWWWR,1
HKHVHAAATIITTNGG,1
NIPIVQQQIQHQARAD,1
LEGLIMQGQGGEILGG,1
YYVTLNIATNVNCIPV,1
YVYVRYYGAVAVGSPS,1
NDRIIGNQVEIICVVC,1
KLKIQEIFFMTITYTS,1
EFEFEYFKKDYMYNRI,1
LDEKWHRDAKCYNIKN,1
YVYMMYYMYMVRMCHD,1
DNKHYYDYDTKFNYVV,1
YYCIMNKMTDKHFFAA,1
