,Sequence,hemo,sol,nf
0,KWKLFKKIGIGKFLHSAKKF,0,1,0
1,KWKLFKKIGPGKFLHSAKKF,0,1,0
2,KWKLFKKIPKFLHSAKKF,0,1,0
3,KNLRRIIRKGIHIIKKYG,0,0,0
4,KNLRRIIRKIIHIIKKYG,0,0,0
5,KNLRRITRKIIHIIKKYG,0,0,0
6,KWKLFKKILKFLHLAKKF,0,1,0
7,KWKLFKKISKFLHLAKKF,0,1,0
8,FKLFKKIPKFLHLAKKF,0,1,0
9,KWFKKIPKFLHLAKKF,0,1,0
10,WKKIPKFLHLAKKF,0,1,0
11,KWFKKIPKFLHLLKKF,0,1,0
12,WKKIPKFLHLLKKF,0,1,0
13,KWKLFKKIPLHLAKKF,0,1,0
14,KWKLFKKIPLAKKF,0,1,0
15,PEWFKCRRWQWRMKKLGA,0,1,0
16,PAWFKARRWAWRMKKLAA,0,1,0
17,PAWRKAFRWAWRMKKLAA,0,1,0
18,PAWFKARRWAWRMLKKAA,0,1,0
19,PAWRKAFRWAWRMLKKAA,0,1,0
20,PAWRKAFRWAARMLKKAA,0,1,0
21,PAWRKAFRAAWRMLKKAA,0,1,0
22,PAWRKAARWAWRMLKKAA,0,1,0
23,PAARKAFRWAWRMLKKAA,0,1,0
24,PAARKAARWAWRMLKKGA,0,1,0
25,PAWRKAFRWAKRMLKKAA,0,1,0
26,PAWRKAFRKAWRMLKKAA,0,1,0
27,PAWRKARRWAWRMKKLAA,0,1,0
28,PAWRKARRWARRMKKLAA,0,1,0
29,GLFAVIKKVAKVIKKL,0,1,0
30,GLFKVIKKVAKVIKKL,0,1,0
31,KLLLKLKLKLLK,0,1,0
33,FLKLLKKLAAKLF,0,1,0
34,FLGALFKALSKLL,0,0,0
35,CAKAKAKAGSGAKAKAKAC,0,1,0
36,CWMSPRHLGTCGRKKRRQRRRPPQ,0,1,0
37,GRKKRRQRRRGGWMWVTNLRTD,0,1,0
38,RRRRRRRRGNLWAAQRYGRELRRMSDEFVDSFKK,0,1,0
39,RRRRRRRRGEDIIRNIARHAAQVGASMDR,0,0,0
40,LKLLKKLLKKLLKLL,0,1,0
41,FLGALFKWASK,0,1,0
42,FLGWLFKVASK,0,1,0
43,AKSKAKSKAKSKAKSKAKSKAKSK,0,1,0
44,KILRGVSKKIMRTFLRRILTGKK,0,0,0
45,KISKKIMRTFLRRISKDILTGKK,0,0,0
47,KAQIRAMECNILGRKKRRQRRR,0,1,0
48,YKQCHKKGGKKGSG,0,1,1
49,SAVGRHGRRFGLRKHRKH,0,1,0
50,KAAKKAAKAAKKAAKAAKKAA,0,1,0
51,GFFGKRKEYFKKFGASFKRRFANLKKRL,0,1,0
52,GFFGKMKEYFKKFGASFKRRFANLKKRL,0,1,0
53,KWKLFKKIPKFLHLAKKF,0,1,0
54,AKRHHGYKRKFH,0,1,0
55,ILRWPWWPWRRK,0,1,0
56,GIGKFLKKAKKFGKAFVKILKK,0,1,0
57,LTAEHYAAQATS,0,1,0
58,PRAWEYWLRLME,0,1,0
59,PRFWEAWLRLME,0,1,0
60,PRFWEYALRLME,0,1,0
61,PRFWEYWLRAME,0,1,0
62,PRFWEYWLRLAE,0,1,0
63,FFRLLFHGVHHVGKIKPRA,0,1,0
64,GWKKWFTKGERLSQRHFA,0,1,0
65,GIIKKIIIKKIIIKKIIIKKI,0,0,0
66,AAWKWAWAKKWAKAKKWAKAA,0,1,0
67,AWKKWAKAWKWAKAKWWAKAA,0,1,0
68,KAAKKAWKAAKKAAKWWKKAA,0,1,0
69,KAAKKAWKAAKKAWKAAKKAA,0,1,0
70,KAAKKAWKAWKKAAKAAWKKAA,0,1,0
71,KAAKKAWKWAKKAAKWAKKAA,0,1,0
72,KAAKKWAKAAKKAAKAWKKAA,0,1,0
73,KAAKKWAKAWKKAAKAWKKAA,0,1,0
74,KWWKKAAKAAKKAAKAAKKWA,0,1,0
75,AFGMALKLLKKVL,0,1,0
76,GFGMALKLLKKVL,0,1,0
77,GFGMALRLLRRVL,0,1,0
78,GFKMALKLLKKVL,0,1,0
79,GKFMSLLKHILK,0,1,0
80,GKWKKILGHLIR,0,1,0
81,GKWKKILGKLIR,0,1,0
82,GKWKSLLKHILK,0,1,0
83,GKWLSLLKHILK,0,1,0
84,GKWMKLLKHILK,0,1,0
85,GMWSKLLGHLLR,0,1,0
86,KMWSKILGHLIR,0,0,0
87,KNWKKILGKIIKVVK,0,1,0
88,KNWKKILKKIIKVVK,0,1,0
89,LFGMALKLLKKVL,0,1,0
90,NKWKKILGKIIKVVK,0,1,0
91,NVWKKILGKIIKVVK,0,1,0
92,VNFKKLLGKLLKVVK,0,1,0
93,VNWKKIILGKIIKVVK,0,0,0
94,VNWKKILAKIIKVVK,0,1,0
95,VNWKKVLAKIIKVVK,0,1,0
96,VNWKKILGKIKKVVK,0,1,0
97,VNWKKILKKIIKVVK,0,1,0
98,VNWKKILPKIIKVVK,0,1,0
99,VNWKKLLGKLLKVVK,0,1,0
100,VNWRRILGRIIRVVR,0,0,0
101,VYWKKILGKIIKVVK,0,1,0
102,KVKVKVKVPPTKVKVKVK,0,1,0
103,FLGWLFKWAKK,0,1,0
104,FLGWLFKWAWK,0,1,0
105,FLKWLFKWAKK,0,1,0
106,FLWWLFKWAWK,0,1,0
107,FLGALFHALSKLL,0,0,0
108,FLGALFKALSHLL,0,0,0
109,FKKLKKIANIINSIFKK,0,0,0
110,LKLFKKILKFL,0,1,0
111,LKLFKKILKYL,0,1,0
112,RRLFRRILRYL,0,0,0
113,RRWRIVVIRVRR,0,0,0
114,GIIKKIIKKIIKKIIKKI,0,1,0
115,WKLFKKILKVL,0,1,0
116,CREKAKKLFKKILKKL,0,1,0
117,RRLFRRILRRL,0,0,0
118,KKLFKKILKFL,0,1,0
119,TKPRKTKPRKTKPRKTKPR,0,1,1
120,SMWSGMWRRKLKKLRNALKKKLKGE,0,1,0
121,KILRGVAKKIMRTFLRRILTGKK,0,0,0
122,VKRFKKFFRKLKKAV,0,1,0
123,VKRFKKFFRKLKKDV,0,1,0
124,VKRFKKFFRKLKKEV,0,1,0
125,VKRFKKFFRKLKKFV,0,1,0
126,VKRFKKFFRKLKKGV,0,1,0
127,VKRFKKFFRKLKKHV,0,1,0
128,VKRFKKFFRKLKKKV,0,1,0
129,VKRFKKFFRKLKKLV,0,1,0
130,VKRFKKFFRKLKKQV,0,1,0
131,VKRFKKFFRKLKKRV,0,1,0
132,VKRFKKFFRKLKKTV,0,1,0
133,VKRFKKFFRKLKKVV,0,1,0
134,GLFDIWAWWRWRR,0,1,0
135,GLFDIWKKLRWRR,0,1,0
136,GLFDIWKKWRWRR,0,1,0
137,GLFDIWKWWRWRR,0,1,0
138,GLFDKWAWWRWRR,0,1,0
139,KRKLYKWFAHLIKGL,0,1,0
141,LRRLDRWLRLFNRLRRWFLRLLRGL,0,0,0
145,PFWRIRIRRPRRIRIRWFP,0,0,0
146,PFWRRRIRIRRRRIRIRRRWFP,0,0,0
147,RWKRINRQWFFWQRNIRKWR,0,1,0
148,FKKLKKLFSKLWNWKRKKRRQRRR,0,1,0
149,IRKLKSWKWLRWL,0,1,0
150,KLLKLLKKLLKLLK,0,1,0
151,KLLKLLKLKKLLKL,0,1,0
153,FKIGGFIKKLWRSKLA,0,1,0
154,KRIGLIRLIGKILRGLRRLG,0,0,0
155,CRRKRRRICFPDGR,0,1,0
156,CTKSIPPICRRKRRR,0,1,0
157,WGRAFRRGVRRLARGGRR,0,1,0
158,WGRAFRRLVRRLARGLRR,0,0,0
159,WGRAFSRGVRRLARGGRG,0,1,0
160,WLRAFRRLVRRLARGLRR,0,0,0
161,WLRAFRRLVRRLARLLRR,0,0,0
162,RYRRKKKMKKALQYIKLLKE,0,1,0
163,KKLFKKILKAL,0,1,0
164,KKLFKKILKDL,0,1,0
165,KKLFKKILKEL,0,1,0
166,KKLFKKILKGL,0,1,0
167,KKLFKKILKHL,0,1,0
168,KKLFKKILKIL,0,0,0
169,KKLFKKILKLL,0,1,0
170,KKLFKKILKQL,0,1,0
171,KKLFKKILKRL,0,1,0
172,KKLFKKILKTL,0,1,0
173,FRRFFKWFRRFFKFF,0,1,0
174,FRRFFKWFRRPFKFF,0,1,0
175,FRRFFKWPRRFFKFF,0,1,0
176,FRRFFKWPRRPFKFF,0,1,0
177,FRRPFKWFRRFFKFF,0,1,0
178,FRRPFKWPRRFFKFF,0,1,0
179,KKLFKKILKYLKKL,0,1,0
180,KLKKLFKKILKY,0,1,0
181,LKKLFKKILKYLKK,0,1,0
182,RRRYIGRYVRFWK,0,0,0
183,LVKRFKKFFRKLKKSVLL,0,1,0
184,LVRRFRRFFRRLRRSVLL,0,0,0
185,VKRFKKFFLKLKSV,0,1,0
186,VKRFKLFFRKLKSV,0,1,0
187,VRRFRLFFRRLRRSV,0,0,0
188,VRRFRRFFLRLRRSV,0,0,0
189,KCRRLCYRQRCVTYCRGR,0,1,0
190,KCRRYCYRQRCVTYCRGR,0,1,0
191,IKKILSKIKKLLK,0,1,0
193,HLRRINKLLTRIGLYRHAFG,0,0,0
194,LPRRNRWSKIWKKVVTVFS,0,1,0
195,NRFTARFRRTPWRLCLQFRQ,0,1,0
196,RKKRRQRRRLNLKALLAVAKKIL,0,0,0
197,RLLSLIRKLIT,0,0,0
198,SFLSLIRKLIT,0,1,0
199,SLLPLIRKLIT,0,0,0
200,SLLSLFRKLIT,0,1,0
201,SLLSLIRKLIT,0,0,0
202,SLLSLIRKLIW,0,0,0
203,SLLSLIRKLLT,0,1,0
204,GCRLYGFKFHGCG,0,1,0
205,GCRLYGFKIHGCG,0,1,0
206,GCRLYGFKIWGG,0,1,0
207,GCRLYGFKWHGCG,0,1,0
208,GCRVYGFKIHGCG,0,1,0
209,NGVQPKYKWWKWWKKWW,0,1,0
210,INLKKLAARIKKKI,0,0,0
211,KILKRLAAKIKKIL,0,0,0
212,RFRPPIRRPPIRPPFWP,0,1,0
213,RFRPPIRRPPIRPPFYR,0,0,0
214,RFRPPIRRPPIRPPFYW,0,1,0
215,RFRRPIRRPPIRPPFYR,0,0,0
216,RFRRPIRRPPIRPPWYP,0,1,0
217,RFRRPIRRRPIRPPFWR,0,0,0
218,RFRRPIRRRPIRPPFYP,0,0,0
219,RFRRPIRRRPIRPPFYR,0,0,0
220,RFRRPIRRRPIRPPWYR,0,0,0
221,RFRWPIRRPPIRPPFYR,0,0,0
222,RFRWPIRRPPIRPPWYP,0,1,0
223,RFRWPIRRRPIRPPFWR,0,0,0
224,RFRWPIRRRPIRPPFYP,0,0,0
225,RFRWPIRRRPIRPPFYR,0,0,0
226,RFRWPIRRRPIRPPFYW,0,0,0
227,RFRWPIRRRPIRPPWYR,0,0,0
228,RRRRPIRRRPIRPPFYR,0,0,0
229,RRRRPIRRRPIRPPWYP,0,0,0
230,RRRRPIRRRPIRPPWYR,0,0,0
231,RRRRPWRRRPIRPPFYW,0,1,0
232,RWRPPIRRPPIRPPWYP,0,1,0
233,RWRRPIRRPPIRPPFYP,0,1,0
234,RWRRPIRRPPIRPPFYR,0,0,0
235,RWRRPIRRPPIRPPWYP,0,1,0
236,RWRRPIRRRPIRPPFWR,0,0,0
237,RWRRPIRRRPIRPPFYP,0,0,0
238,RWRRPIRRRPIRPPFYR,0,0,0
239,RWRRPIRRRPIRPPFYW,0,0,0
240,RWRRPIRRRPIRPPWYP,0,0,0
241,RWRRPIRRRPIRPPWYR,0,0,0
242,RWRRPWRRRPIRPPFYR,0,1,0
243,RWRWPIRRPPIRPPFYP,0,1,0
244,RWRWPIRRPPIRPPFYR,0,1,0
245,RWRWPIRRPPIRPPWYP,0,1,0
246,RWRWPIRRRPIRPPFWR,0,0,0
247,RWRWPIRRRPIRPPWYR,0,0,0
248,AWWRRTVAKVRK,0,1,0
249,GAWRRTVAKVRK,0,1,0
250,GWARRTVAKVRK,0,1,0
251,GWWARTVAKVRK,0,1,0
252,GWWRATVAKVRK,0,1,0
253,GWWRRTAAKVRK,0,1,0
254,GWWRRTVAAVRK,0,1,0
255,GWWRRTVAKVAK,0,1,0
256,GWWRRTVAKVRK,0,1,0
257,GWWRRTVAKVRNAGRK,0,1,0
258,ILPWKWPWWPWKK,0,1,0
259,ILPWKWPWWPWRR,0,1,0
260,VKKFAWWWAFLKK,0,1,0
261,VKKFAWWWPFLKK,0,1,0
262,VKKFPWWWAFLKK,0,1,0
263,VKKFPWWWPFLKK,0,1,0
264,VRRFAWWWAFLRR,0,0,0
265,VRRFAWWWPFLRR,0,1,0
266,VRRFPAAAPFLRR,0,0,0
267,VRRFPAAWPFLRR,0,0,0
268,VRRFPAWAPFLRR,0,0,0
269,VRRFPAWWPFLRR,0,1,0
270,VRRFPFFFPFLRR,0,1,0
271,VRRFPWAAPFLRR,0,0,0
272,VRRFPWAWPFLRR,0,1,0
273,VRRFPWWAPFLRR,0,1,0
274,VRRFPWWWAFLRR,0,1,0
275,VRRFPWYWPFLRR,0,1,0
276,VRRFPWYYPFLRR,0,0,0
277,VRRFPYWWPFLRR,0,1,0
278,VRRFPYWYPFLRR,0,0,0
279,VRRFPYYWPFLRR,0,0,0
280,VRRFPYYYPFLRR,0,0,0
281,RKIKRYLRRMI,0,0,0
282,RKIKVYLPRMK,0,1,1
283,WRRRYRRWRRRRRWRRRPRR,0,0,0
284,KRWHWWRRHWVVW,0,1,0
285,LWKRWVGVWRKWL,0,1,0
286,RWGKWFKKNSHLS,0,1,1
287,CIIKKIIKKIIKKII,0,0,0
288,CIIRRIIRRIIRR,0,0,0
289,CLLKKLLKKLLKK,0,1,0
291,KKRKKKAFALKFVVDLI,0,1,0
292,IKIRIKIRIKIR,0,0,0
293,IRIKIRIKIRIK,0,0,0
294,LKLRLKLRLKLR,0,0,0
295,LRLKLRLKLRLK,0,1,0
296,KWKLFKKIGIGAVLKVLKKG,0,1,0
297,KWKLFKKIGIGAFLHSAKKF,0,1,0
298,KWKLFKKIGIGKFLHLAKKF,0,1,0
299,KWKLFKKIGIGAFLHLAKKF,0,1,0
300,KWKLFKKIGIGKFKLAKKF,0,1,0
301,KWKLFAKIGIGKFLHLAKKF,0,1,0
302,KWKKFLKIGIGKFLHLAKKF,0,1,0
303,GLFDIVKKIKSLF,0,1,0
304,GLFDIVKKLKSLF,0,1,0
305,GLFDRVKKRKSLF,0,1,0
306,ILGKRWKGRVSDF,0,1,0
307,KFKKFFKFMVKKKKF,0,1,0
308,KKFFKKMKKFVKKFF,0,1,0
309,KKFFKKMKKFVKKFL,0,1,0
310,KKFFKKMKKLVKKFF,0,1,0
311,KKFFKKMKSFFKKFF,0,1,0
312,KKFFKKMSFFFFKKK,0,1,0
313,KKFFKLVKKKMKKFF,0,1,0
314,KKFFSKMKSFFKKFF,0,1,0
315,KKFFSKSMKSFFFFKK,0,1,0
316,KKKKFFMFVFFKKKK,0,1,0
317,KKKKFFMLVKKKKFF,0,1,0
318,KKKKFFMSFFFKKKF,0,1,0
319,KKKKFFSMSFFKKFF,0,1,0
320,GKCSTRGRKCMRRKK,0,1,0
321,GKCSTRGRKMCRRKK,0,1,0
322,WLWKAIWKLLK,0,1,0
323,GRPPGFSPFRSG,0,1,1
324,IKWKAILDAVKKVL,0,0,0
325,NYPQRPCRGDKGPDC,0,1,1
326,AIMSSLMKKLAAHIAK,0,0,0
327,GAMSSLMKKLAAHIAK,0,1,0
328,GIASSLMKKLAAHIAK,0,1,0
329,GIMASLMKKLAAHIAK,0,1,0
330,GIMSALMKKLAAHIAK,0,1,0
331,GIMSSAMKKLAAHIAK,0,1,0
332,GIMSSLAKKLAAHIAK,0,1,0
333,GIMSSLMKKAAAHIAK,0,1,0
334,GIMSSLMKKLAAAIAK,0,1,0
335,GIMSSLMKKLAAHAAK,0,1,0
336,GIMSSLMKKLAAHIAK,0,1,0
337,PLSSIFSRIGDP,0,1,1
338,YARAAARQARA,0,0,0
339,YARAARRAARR,0,0,0
340,GGGGWGQGGTHG,0,1,1
341,GGGWGQPHVGG,0,1,1
342,HGGGWGQGGGTHS,0,1,1
343,HGGGWGQPHGGGWG,0,1,1
344,HGVSGWGQHGTHG,0,1,0
345,QGGGGWGQPHGGGWG,0,1,1
346,VGGWGQPHGGG,0,1,1
348,KETWFETWFTEWSQPKKKRKV,0,1,0
349,RVIRVWFQNKRCKDKK,0,1,0
350,AAYAAAKAAALAA,0,0,0
351,AKTIAYDEEARRGLE,0,1,0
352,CNWKKEFGADCKYKF,0,1,0
353,ENWGACDGGTGTKVR,0,1,0
354,KDKVKKGGPGSECAE,0,1,1
355,KEFGADCKYKFENWG,0,1,0
356,TSAVAKKKDKVKKGG,0,1,1
359,GKKLLKKGKGWLGGLWGK,0,1,0
360,GKKLLKKVKGWLGGLWGK,0,1,0
361,LKKLLKKVKGWLGGLWGK,0,1,0
362,LKKWWKKVKGLLGGLLGKVKKVIK,0,1,0
363,LKKWWKKVKGLLGGLLGKVKSVIK,0,1,0
364,VKKLLKKVKGWLGGLWGK,0,1,0
365,FAFAKIIAKIAKKII,0,0,0
366,FAFGKGIGKIGKKGL,0,1,0
367,FAFGKGIGKVGKKLL,0,1,0
368,FAKALAKLAKKLL,0,1,0
369,FAKALKALLKALKAL,0,0,0
370,FAKFLAKFLKKAL,0,1,0
371,FAKGVGKVGKKAL,0,1,0
372,FAKIIAKIAKIAKKIL,0,0,0
373,FAKKALKALKKL,0,1,0
374,FAKKFAKKFKKFAKKFAKFAFAF,0,1,0
375,FAKKLAKKAKLAKKL,0,1,0
376,FAKKLAKKLAKAAL,0,1,0
377,FAKKLAKKLAKLAL,0,1,0
378,FAKKLAKKLAKLL,0,1,0
379,FAKKLAKKLKKLAKKLAKKWKL,0,1,0
380,FAKKLAKKLKKLAKKLAKLAKKL,0,1,0
381,FAKKLAKKLKKLAKKLIGAVLKV,0,1,0
382,FAKKLAKKLKKLAKLALAK,0,1,0
383,FAKKLAKKLKKLAKLALAL,0,1,0
384,FAKKLAKLAKKALAL,0,1,0
385,VAKALKALLKALKAL,0,0,0
386,FAKKLAKLAKKLAKLALAL,0,0,0
387,FAKKLAKLAKKLLAL,0,1,0
388,FAKKLAKLALKLAKL,0,1,0
389,FAKKLKKLAKKL,0,1,0
390,FAKKLKKLAKLAKKL,0,1,0
391,FAKKLLAKALKL,0,1,0
392,FAKLAKKALAKLL,0,0,0
393,FAKLFAKAFKKAL,0,1,0
394,FAKLFAKLAKKFAL,0,1,0
395,FAKLLAKAFKKAL,0,1,0
396,FAKLLAKALKKFAL,0,1,0
397,FAKLLAKALKKFL,0,1,0
398,FAKLLAKALKKLL,0,0,0
399,FAKLLAKALKLKL,0,1,0
400,FAKLLAKFLKKAL,0,1,0
401,FAKLLAKLAKAKA,0,1,0
402,FAKLLAKLAKAKG,0,1,0
403,FAKLLAKLAKAKL,0,1,0
404,FAKLLAKLAKKAA,0,1,0
405,FAKLLAKLAKKEL,0,1,0
406,FAKLLAKLAKKFAL,0,1,0
407,FAKLLAKLAKKGL,0,1,0
408,FAKLLAKLAKKIL,0,0,0
409,FAKLLAKLAKKLL,0,0,0
410,FAKLLAKLAKKSL,0,1,0
411,FAKLLAKLAKKVL,0,1,0
412,FAKLLAKLAKLKL,0,1,0
414,FAKLLFKALKKAL,0,1,0
415,FAKLLKLAAKKLL,0,0,0
416,FAKLWAKLAKKL,0,1,0
417,FALAAKALKKLAKKLKKLAKKAL,0,1,0
418,FALAKKALKKAKKAL,0,1,0
419,FALAKLAKKAKAKLKKALKAL,0,1,0
420,FALALKALKKALKKLKKALKKAL,0,1,0
421,FALALKALKKLAKKLKKLAKKAL,0,1,0
422,FALALKALKKLKKALKKAL,0,1,0
423,FALALKALKKLLKKLKKLAKKAL,0,1,0
424,FALALKKALKALKKAL,0,0,0
425,FALALKLAKKAL,0,0,0
426,FALALKLAKKL,0,0,0
427,FALKALKKLKKALKKAL,0,1,0
428,FALLKALLKKAL,0,0,0
429,FKLAFKLAKKAFL,0,1,0
430,FKRLAKIKVLRLAKIKR,0,0,0
431,KWKLFKKKTKLFKKFAKKLAKKL,0,1,0
432,KAKLAKKALAKLL,0,1,0
433,KLAKKLAKLAKLAKAL,0,1,0
435,KTKLFKKFAKKLAKKLKKLAKKL,0,1,0
436,KWKLAKKALALL,0,1,0
437,KWKLFKKALKKLKKALKKAL,0,1,0
438,KYKKALKKLAKLL,0,1,0
439,LKKLAKLALAF,0,0,0
440,VAKFLAKFLKKAL,0,1,0
441,VAKKFAKKFKKFAKKFAKFAFAF,0,1,0
442,VAKKLAKLAKKLAKLALAL,0,1,0
443,VAKKLAKLAKKLLAL,0,1,0
444,VAKLLAKALKKLL,0,1,0
445,VAKLLAKLAKKLL,0,1,0
446,VAKLLAKLAKKVL,0,1,0
447,VALALKALKKALKKLKKALKKAL,0,1,0
448,VALALKALKKLAKKLKKLAKKAL,0,1,0
449,YAKLLAKLAKKAL,0,0,0
450,RQRRNKLRSKFLTLRDH,0,1,0
451,RRRRRRRAAKVVILKKATEYVHS,0,1,0
452,RRRRRRRRKRRNDLRSRFLALRDQ,0,0,0
453,RRRRRRRRQRRNDLRSSFLTLRDHVP,0,1,0
454,RRRRRRRRVKLVNLGFATLREHVP,0,1,0
455,RRRRRRRSKAPKVVILSKALEYLQA,0,1,0
456,KWKKLLKKPPPLLKKLLKKL,0,1,0
457,KWKLFKKIGIGRLLKRGLRKLLKLLR,0,0,0
458,RWRLFKRIGIGRLLKRGLR,0,0,0
459,RKGWFKAMKSIAKFIAKEKLKEHL,0,1,0
460,YRPWGSGSGFG,0,1,1
461,TCRVDHRGLTF,0,1,0
462,CRKRLDRCGGGKLAKLAKKLAKLAK,0,1,0
463,ISGGNDKQGFPM,0,1,1
464,KRTGQYKLGSKT,0,1,1
465,GRKKRRQRRRPQSKRKKNKKGKRK,0,1,0
466,KFAKKFAKKFAKKFAKKFAKKFAKKFAKKFAK,0,1,0
467,RFARRFARRFARRFARRFARRFARRFARRFAR,0,0,0
468,LKKLLKKLLKKLLKKLLKKLLKKLLKKLLKKL,0,1,0
469,KAAKKAAKKAAKKAAKKAAKKAAKKAAK,0,1,0
470,KKAKKKAKKKAKKKAKKKAKKKAKKKAK,0,1,0
471,LKLKLKLKLKLKLKLKLKLKLKLK,0,1,0
473,GKEFKRIVWLSKTAKKL,0,1,0
474,GKEFKRIVKWPWWPWRR,0,1,0
475,GKEFKRIVGRIYRLCCR,0,1,0
476,KKIWQKIKNFFQKL,0,1,0
477,KRIWQKIKNFFQKL,0,1,0
478,KKIWQRIKNFFQKL,0,1,0
479,KKIWQKIRNFFQKL,0,1,0
480,KKIWQKIKRFFQKL,0,1,0
481,KKIWQKIKNFFRKL,0,1,0
482,WFGKLYRGKTKVVKKVKGLLKG,0,1,0
483,LTVSPWYGCGQLGKKKHRRRPSKKKRHW,0,1,0
484,LTVSPWYGCGQLGRRRHRRRPSRRRRHW,0,1,0
485,GLVMLVKKAGLT,0,1,0
486,GLFKIISKLAKKA,0,1,0
487,GDGDIMKGIAGH,0,1,0
488,FLGMIPKLIKKLIKAFK,0,0,0
489,AIIKKIIKKIIKKI,0,0,0
490,EIIKKIIKKIIKKI,0,0,0
491,VIIKKIIKKIIKKI,0,0,0
492,GIIKKIIKKIIKKA,0,1,0
493,GIIKKIIKKIIKKE,0,1,0
494,GIIKKIIKKIIKKK,0,1,0
495,GIIKKIIKKIIKKV,0,1,0
496,KVWKIKKNIRRLLHGIKRGWKG,0,1,0
497,AFLYRLTRQIRPWWRWLYKW,0,1,0
498,RIWGKHSRYIKIVKRLIQ,0,0,0
499,QIWHKIRKLWQIIKDGF,0,1,0
500,GKWMSFLKHILK,0,1,0
501,GKWMSLLKHILK,0,1,0
502,GKWMSLLKHIWK,0,1,0
503,GKWMSLLKHWLK,0,1,0
504,GKWMSLLKKILK,0,1,0
505,GKWMSLWKHILK,0,1,0
506,GKWMTLLKHILK,0,1,0
507,GKWSKILGHLIR,0,1,0
508,GKWSKILGKLIR,0,1,0
509,GMWKKILGHLIR,0,1,0
510,GMWKKILGKLIR,0,1,0
511,GMWSKILGHLIK,0,1,0
512,GMWSKILGHLIR,0,1,0
513,GMWSKILGHLKR,0,1,0
514,GMWSKILGKLIR,0,1,0
515,GMWSKILKHLIR,0,1,0
516,FRVTWRTKWWKG,0,1,0
517,ILGKLLSTAAKLLSKL,0,1,0
518,GKKLKKIGQKIKNFFQKL,0,1,0
519,GEKLKKIGKKIKNFFQKL,0,1,0
520,GEKLKKIGQKIKKFFQKL,0,1,0
521,GEKLKKIGQKIKNFFKKL,0,1,0
524,LLLLLIRKLIK,0,0,0
525,YLLYLIRKLIL,0,0,0
526,RLLRLIRKLIR,0,0,0
527,QLLQLIRKLII,0,0,0
528,QLLQLIRKLIM,0,0,0
530,QLLQLIRKLIR,0,0,0
531,QLLQLIRKLIK,0,0,0
532,QLLQLIRKLIY,0,0,0
540,ILRWKWRWWRWRR,0,0,0
541,ILPWKWRWWKWRR,0,1,0
542,FIKWKFRWWKWRK,0,1,0
543,HQFRFRFRVRRK,0,1,0
544,RRWKIVVIRWRR,0,0,0
545,RLWRIVVIRVKR,0,0,0
546,RLRRIVVIRVFR,0,0,0
547,VRLRIRVRVIRK,0,0,0
548,FLGALWKVAKKVF,0,1,0
549,FLKALWKVAKKVF,0,1,0
550,LFRLIKSLIKRLVSAFK,0,0,0
551,GQSQWRDVCRNFMRR,0,1,0
552,RRQRRTSKLMKRGGKLAKLAKKLAKLAKLAK,0,1,0
553,KRIIQRILSRNS,0,0,0
554,KRIHPRLTRSIR,0,0,0
555,PPRLRKRRQLNM,0,1,1
556,PIRRRKKLRRLK,0,1,1
557,MHKRPTTPSRKM,0,1,1
558,CKLAKLAKKLAKLAK,0,1,0
559,KLAKLAKKLAKLAKC,0,1,0
560,FLGALFHALSHLL,0,0,0
564,FLGALWHALSHLL,0,0,0
565,PAWHHAFHWAWRMLKKAA,0,1,0
566,PAWRKAFRWAWHMLHHAA,0,1,0
567,PAWRHAFHWAWHMLHKAA,0,1,0
568,KWLRRVWRWWR,0,1,0
569,FLKGIKGMLGKLF,0,1,0
570,FLKGIKGMLGKLL,0,1,0
573,KRKILILIGSG,0,0,0
574,GSGILILIKRK,0,1,0
575,KRKSGSGSKRK,0,1,1
576,KRKRKILILIKRK,0,0,0
577,KRKILILIKRKRK,0,0,0
578,KRKILILILIKRK,0,0,0
579,RKRKLILILIKRKR,0,0,0
580,KRKLILKRILIKRK,0,0,0
581,RKLILKRKRILIKR,0,0,0
582,KLILKRKRKRILIK,0,0,0
583,LILKRKRKRKRILI,0,0,0
584,RRRIIIIIRRR,0,0,0
585,KKKIIIIIKKK,0,0,0
587,KKKLLLLLKKK,0,1,1
588,RRRVVVVVRRR,0,0,0
589,KKKVVVVVKKK,0,1,0
590,RRRFFFFFRRR,0,0,0
591,KKKFFFFFKKK,0,1,0
592,KKKIIIIIIKKK,0,0,0
593,GLLGKLLKIAAKVGKKLL,0,1,0
594,GLLKKLLKIAAKVGKKLL,0,1,0
595,RRPKGRGKRRREKQRPCDKPRR,0,1,1
596,RRPKGRGKRRREKQRPSDKPRR,0,1,1
597,RRPKGRGKRRREKQRPDAVPRR,0,1,1
598,CKGRGKRCREKQRPSDKPRR,0,1,1
599,RRPKGRAAARREKQRPSDKPRR,0,1,1
600,RRPKGRGKRAAAKQRPSDKPRR,0,1,1
601,AGRGKRRREKQRPSDKPRR,0,1,1
602,KGRGARRREKQRPSDKPRR,0,1,1
603,KGAGKRRREKQRPSDKPRR,0,1,1
604,KGRGKARREKQRPSDKPRR,0,1,1
605,KGRGKRRREKQGPSDKPRR,0,1,1
606,KGRGKRRREKQRPSDAPAA,0,1,1
607,KGRGKRAAEAQRPSDKPRR,0,1,1
608,KGRGKRAAEKQAPSDKPRR,0,1,1
609,AGRGARAAEAQRPSDKPRR,0,1,0
610,RRPKGRGKRRREKQRPSDAAAR,0,1,1
611,DGRKICLDPDAPRIKKIVQKKL,0,1,0
612,KILRGVSKKIMRRISKDILTGKK,0,1,0
613,KISKKIMRTFLRRILTGKK,0,0,0
614,KILRGVSKKIMRRILTGKK,0,1,0
615,RILRGVSRRIMRRILTGRR,0,0,0
616,KILRGVSKRILTGKK,0,1,0
617,KISKRILTGKK,0,1,1
618,KWKKLLKKLLKLLKKLLK,0,1,0
619,RQIRIWFQNRRMRWRR,0,0,0
620,KQIKIWFQNKKMKWKK,0,1,0
621,RQIKIWFQNRRLKWKK,0,1,0
622,RWFKIQMQIRRWKNKK,0,1,0
623,RWFKIQLQIRRWKNKK,0,1,0
624,KWFKIQLQIKKWKNKK,0,1,0
625,RWFRIQLQIRRWRNRR,0,0,0
626,KKLIKVWAKGFKKAKKLFKGIG,0,1,0
627,KKLIKVFAKGWKKAKKLFKGIG,0,1,0
628,KKLIKVFAKGFKKAKKLWKGIG,0,1,0
629,KKAAKAWAKGAKKAKKLAKGAG,0,1,0
630,GGVKRFKKFFRKLKKSV,0,1,0
631,LIKKALAALAKLNI,0,0,0
632,VDKPPYLPRPRPPRRIYNR,0,1,0
633,VRKPPYLPRPRWPRRIYNR,0,1,0
634,GLLKKLLKKLLKKL,0,1,0
635,GVVKKVVKKVVKKV,0,1,0
636,KIFKKFKTIIKKVWRIFGRF,0,0,0
637,AWLKRIKKFLKALFWVWVW,0,1,0
638,RVFKKFHPIYHRVWRLWGHL,0,1,0
639,HIIKKIRTWYRKAWHVLGKV,0,1,0
640,KLYKKFRHILKKVWHYVGKI,0,1,0
641,KYIRHLKTWFKKVFKLIGEV,0,1,0
642,KIFKKFKDFLKKIFQYLGKV,0,1,0
643,HIFKKVKTYWKKLFRILGRF,0,1,0
644,RLIKRLKTFVRKTWKWVGHF,0,1,0
645,RFLKHFKTVYKRYWKVLGRL,0,1,0
646,KLIHRLKTVFKKVWHFLGHL,0,1,0
647,QVFKKFRPFYRRPWELFGKL,0,1,0
648,QIIKKIRTWYRKAWHVLGKV,0,1,0
649,TLYKKFRHFLKKPWHVVGKI,0,1,0
650,HYIRHLKTWFHKPFKLIGKV,0,1,0
651,KIFKKFKDWFKKAFHVLGKV,0,1,0
652,QIFKKVKTWYKKAFQILGRL,0,1,0
653,RLIKRIKTWYRKAWKVVGKF,0,1,0
654,QVVKKIRTWYHKAWHVLGKV,0,1,0
655,QLIHKIRTWYRKAWHVLGKV,0,1,0
656,HLLKKWRTWLRKAWHIVGKV,0,1,0
657,QVLKKVRTWYRKAFHVIGKV,0,1,0
658,QLLKKVRTWYRKAWHLYGKV,0,1,0
659,QLIKKLRTWYRKAWHVLGKL,0,1,0
660,QYLRRVRTWLRRAWHILGKV,0,0,0
661,QLLKKIRTWYRKAWHVYGKV,0,1,0
662,QIYKKYRTWYRKAWKVLGKV,0,1,0
663,RFRRFRLPFRRPPIRIH,0,0,0
664,FTILKKLKSFIK,0,1,0
665,KLVKKLLKKYITF,0,1,0
666,LARFVLRILKYGFK,0,0,0
667,IPLLRKGKKIIWW,0,0,0
668,GLKKVIKLLRPLL,0,1,0
669,ILKPKLWKLTVVARKIIK,0,0,0
671,IHKLVKLWLNLGKKF,0,1,0
672,RRRRWRWWRWWRR,0,1,0
673,RKRWWRWWKWWKR,0,1,0
674,GLHKVMRKVLGYLRNVYK,0,1,0
675,LKRIVQRIKDFLR,0,0,0
676,AKRIVQRIKDFLR,0,0,0
677,FKRIVQRILDFLR,0,0,0
678,FKRIVQRIRDFLR,0,0,0
679,FKRIVQKIKDFLR,0,0,0
680,FKRIVQLIKDFLR,0,0,0
681,FKRIVQRIKDLLR,0,0,0
682,FKRIVQIIKKFLR,0,0,0
683,FKRIVQLLKKLLR,0,0,0
684,FKRILQRIKDFLR,0,0,0
685,GLRKRLRKFFNKIKEK,0,1,0
686,GLRKRLRKFRNKIKFK,0,1,0
687,GLRKRLRKFRNKIKEF,0,1,0
688,GLEKRKRKFFNKIKFK,0,1,0
689,GLRKRLRKFFNKIKEF,0,1,0
690,GLRKRLRKFRNKIKFF,0,1,0
691,GLRKRLRKFFNKIKFF,0,1,0
692,GLRKRLRKFRNKIKK,0,1,0
693,VWKPPYLPRPRPPRRIYNR,0,1,0
694,VDRPPYLPRPRPPRRIYNR,0,1,0
695,VDKKPYLPRPRPPRRIYNR,0,1,0
696,VDKFPYLPRPRPPRRIYNR,0,1,0
697,VDKYPYLPRPRPPRRIYNR,0,1,0
698,VDKPFYLPRPRPPRRIYNR,0,1,0
699,VDKPYYLPRPRPPRRIYNR,0,1,0
700,VDKPHYLPRPRPPRRIYNR,0,1,0
701,VDKPRYLPRPRPPRRIYNR,0,1,0
702,VDKPPWLPRPRPPRRIYNR,0,1,0
703,VDKPPFLPRPRPPRRIYNR,0,1,0
704,VDKPPHLPRPRPPRRIYNR,0,1,0
705,VDKPPYRPRPRPPRRIYNR,0,1,0
706,VDKPPYMPRPRPPRRIYNR,0,1,0
707,VDKPPYFPRPRPPRRIYNR,0,1,0
708,VDKPPYLPRWRPPRRIYNR,0,1,0
709,VDKPPYLPRPHPPRRIYNR,0,1,0
710,VDKPPYLPRPKPPRRIYNR,0,1,0
711,VDKPPYLPRPRWPRRIYNR,0,1,0
712,VDKPPYLPRPRWERRIYNR,0,1,0
713,VDKPPYLPRPRWRRRIYNR,0,1,0
714,VDKPPYLPRPRWWRRIYNR,0,1,0
715,VDKPPYLPRPRWKRRIYNR,0,1,0
716,VDKPPYLPRPRWHRRIYNR,0,1,0
717,VDKPPYLPRPRWIRRIYNR,0,0,0
718,VDKPPYLPRPRWFRRIYNR,0,1,0
719,VDKPPYLPRPRWLRRIYNR,0,1,0
720,VDKPPYLPRPRWARRIYNR,0,1,0
721,VDKPPYLPRPRWNRRIYNR,0,1,0
722,VDKPPYLPRPRWVRRIYNR,0,1,0
723,VDKPPYLPRPRWGRRIYNR,0,1,0
724,VDKPPYLPRPRWSRRIYNR,0,1,0
725,VDKPPYLPRPRWQRRIYNR,0,1,0
726,VDKPPYLPRPRWYRRIYNR,0,1,0
727,VDKPPYLPRPRWDRRIYNR,0,1,0
728,VDKPPYLPRPRWTRRIYNR,0,1,0
730,EIWIAQELRRRGDSFNAYYAR,0,0,0
731,EIWIAQELRRRGDAFNAYYAR,0,0,0
732,KLWKKWKKWLK,0,1,0
733,LLGDFKRIVQRIKDF,0,0,0
734,FLPLKKLRFGLL,0,1,0
735,KWCRKWQWRGVKFIKCV,0,1,0
736,HKCAKIKWRGVHVKYCA,0,1,0
737,NGVQPKYRWWRWWRRWW,0,1,0
738,FLFKLIPKVIKGLVKAIRK,0,0,0
739,KGIRGYKGGYKGAFKQTKY,0,1,0
740,PMLRVRLASHLRKLRKRLLR,0,0,0
741,MPRRRRSSSRPVRRRRRPRVSRRRRRRGGRRR,0,0,0
742,INLKILARLAKKIL,0,0,0
743,GLLRRLRDFLKKIGEKFKKIGY,0,1,0
744,KRCKNKMEGDDVAVSGRGARKAAKK,0,1,0
745,GRKKRRQRRRGALWKSLLKNVGKA,0,1,0
746,KCVRQNNKRVCKGLRKRLRKFRNK,0,1,0
747,HARIKPTFRRLKWKYKGKFW,0,1,0
748,TRSRWRRFIRGAGRFARRYGWRIA,0,0,0
749,YLARAIRRTLARLLL,0,0,0
750,SWKKFFKKARSLPKLF,0,1,0
751,GGKKLFKKILKYL,0,1,0
752,FLFKLIPKAIKGLIKAFK,0,0,0
753,FLFKLIPKAIKGLLKAFK,0,0,0
754,RKKRRQRRRCWTKSIPPKPC,0,1,1
755,VRRFKWWWKFLRR,0,1,0
756,CFQWKRAMRKVR,0,1,0
757,RWRPPIRRPPIRPPFYP,0,1,0
758,RFRWPIRRPPIRPPFYP,0,1,0
759,RFRPPIRRPPIRPPWYP,0,1,0
760,SKVWRHWRRFWHRAHRKL,0,1,0
761,KRIVARIKAFLR,0,0,0
762,LRKVRRLLRRL,0,0,0
763,LRKVWRWLRRL,0,0,0
764,LRKFRRLLRRL,0,0,0
765,LRRLRRLLRRL,0,0,0
766,KAAKKWAKAAKKWAKAWKKAA,0,1,0
767,KAAKKAWKAAKKAWKAWKKAA,0,1,0
768,KWAKKAAKWAKKAAKWAKKAA,0,1,0
769,KAWKKAWKAAKKAWKAAKKAA,0,1,0
770,AAKKWAKAKKWAKAKKWAKAA,0,1,0
771,TTKKEELEKKKKT,0,1,1
772,PFWRIRIRRPFWRIRIRR,0,0,0
773,PWRIRIRRPRRIRIWP,0,0,0
774,PWRIRIRRRRIRIRWPPWRIRIRR,0,0,0
775,RRWFWRRRRWFWRR,0,1,0
776,FLFKLIKHAIKGLIKAFK,0,0,0
777,DGRCLLIIKLAKLAKKLAKLAK,0,1,0
778,KKWRKWLKWLAKK,0,1,0
779,GLFDIVKKVLKLLK,0,1,0
780,INLKAIAAMAKKLL,0,0,0
781,LWKIWKKIWRVGWNWR,0,1,0
782,LWKIWKKIWRVWKNWR,0,1,0
783,LWKIGKKIWRVLWNWR,0,1,0
784,LWKIWWKIWRVWKNWR,0,1,0
785,GKLRLIKKLWVKKWKKKGWKA,0,1,0
786,GLFDIVKKVLRLLK,0,1,0
787,GWFDILKHVFRLLK,0,1,0
788,GWYEIIKKIYKWLK,0,1,0
789,RLMRIFRILKLAR,0,0,0
790,RMMRIFWVIKLAR,0,0,0
791,GRLIDKIARKLVKKIQRFARKFF,0,1,0
792,NLRTYKKRYMFY,0,1,0
793,YNKKYMKHLKPCKKA,0,1,0
794,YNKKYRYHLKSCKKADK,0,1,0
795,RKKAIKLVKKLVKKLKKALK,0,1,0
796,FLKAIKKFGKEFKKIGAKLK,0,1,0
797,VRKPPYLPRPRPPRRIYNR,0,1,0
798,SYEKKINRHFKILKKNLKKK,0,1,0
799,MGRFKRFRKKFKKLFKKLS,0,1,0
800,RRIRIRPPRLPRPRPRPYFMPRP,0,0,0
801,KRWKKFFRKVIKFF,0,1,0
802,KRLKKIFKKMIKIF,0,0,0
803,WKRFHPFRVVRKIFRRRIKR,0,1,0
804,KWKLFKKIGAVLKVLC,0,1,0
805,KWKLFKKLGAVLKVLC,0,1,0
807,KKMMKKGGKFGTFMAIGMGIR,0,1,0
808,SWKSMAKKLKEYMEKLKQRA,0,1,0
809,LAKKLKEYLEKLV,0,1,0
810,LIKKLKEYLKKLI,0,1,0
811,LAKKLAKYLKKAL,0,1,0
812,GGGGGGGRGDLPETGGS,0,1,1
813,GGGGRGDRGDLPETGGS,0,1,1
814,GRGDRGDRGDLPETGGS,0,1,1
815,EKRWRRLIFNYF,0,1,0
817,FAKKLAKLKKKLAKLALAL,0,1,0
818,FAKKLAKLKKKLAKLAKKR,0,1,0
819,KLLKKVVKLFKKKKK,0,1,0
820,KLLKKVVKLFKKLLK,0,1,0
821,KIIKKIIKIIKKIIK,0,0,0
822,KVVKKVVKVVKKVVK,0,1,0
823,KIIKKIKKKIKKIIK,0,0,0
824,KLLKKLKKKLKKLLK,0,1,0
825,KVVKKVKKKVKKVVK,0,1,0
826,IKKIIKIIKKIIKKI,0,0,0
827,IIIKKIKKKIKKIII,0,0,0
828,KIIIKIKKKIKIIIK,0,0,0
829,RLFRRVKKVAGKIAKRIWK,0,1,0
830,LKLKLKLTGKLKLKL,0,1,0
831,LKLKLKVPPTKLKLKL,0,1,0
832,LKLKLKPGKLKLKL,0,1,0
833,LKLKLKINGKKLKLKL,0,1,0
834,LKLKLKPNKLKLKL,0,1,0
835,TESYFVFSVGM,0,1,0
836,VNWKKILGKIIKVAK,0,1,0
837,VNWKKVLGKIIKVAK,0,1,0
838,AKKVFKRLEKLFSKIQNWK,0,1,0
839,AKKVFKRLEKLFSKIWNDK,0,1,0
840,AKKVFKRLEKLFSKIWNWK,0,1,0
841,AKKVFKRLEKSFSKIQNDK,0,1,0
842,AKKVSKRLEKLFSKIQNDK,0,1,0
843,KWKKLLKKPLKLKL,0,1,0
844,KWKKLLKKPLLKKLLKKL,0,1,0
845,KWKLKPLLKKLLKKL,0,1,0
846,KKKFPWWWPFKKKKKKFPWWWPFKKKK,0,1,0
847,RRRQRRKKRGGGDTRLNTVWMW,0,1,0
848,YGRKKRRQRRRREADFFWSLCTADMS,0,1,0
849,ARPAKAAATQKKVERKAPDA,0,1,0
850,CQNHHAKHGKVC,0,1,0
851,DDDDDNDKIPDDRDN,0,1,1
852,DFKLFAVTIKYR,0,1,0
853,DFKLFAVYIKYR,0,0,0
854,DRSTREPIYMSTI,0,1,0
855,GDVIDTDRDIDR,0,1,0
856,GPWEPCSVTCSKGTRTRRR,0,1,0
857,HGSTTLRDITV,0,1,0
858,HKLINTEGHHS,0,1,0
859,INLEACLKRGRT,0,1,0
860,KAFDITYVRLKF,0,0,0
861,KCGHKHQCAVHN,0,1,0
862,KGRGKRRRCKQRPSDCPRR,0,1,1
863,KGRGKRRRECQRPSCKPRR,0,1,1
864,KRFKQDGGWSHWSPWSSC,0,1,0
865,KSVRGKGKGQKRKRKKSRYK,0,1,1
866,PGLKGKRGDSGSPATWTTRG,0,1,1
867,RCRLAERRQIAK,0,1,0
868,RRPAAAGKRRREKQRPSDKPRR,0,1,1
869,RRPKGRAMRREKQRPSDKPRR,0,1,1
870,RRPKGRGKRRREKQRPTDCHLCGDAVPRR,0,1,0
871,SEWSDCSVTCGKGMRTRQR,0,1,0
872,SPWDIASVTAGGVQKRS,0,1,0
873,SPWSSASVTAGDGVDITRIR,0,1,0
874,SSTSPHRPRFS,0,1,1
875,SVSGGGHHHHHHGGG,0,1,0
876,SVSRAGSPSGGPFC,0,1,1
877,TGASSEEEDPF,0,1,1
878,TSWSPCSASCGGGHYQRTR,0,1,0
879,VGSGGCMFGNGK,0,1,1
880,VTCGGGVQKRSRL,0,1,0
881,WTRCSSSCGRGVSVRSR,0,1,0
882,YRIPIVRRLQRR,0,0,0
883,YTMNPRKLFDY,0,1,0
884,FITKALGISYGRKKRRQRRRPPQ,0,1,0
885,GRKKRRQRPPQC,0,1,1
886,GRKKRRQRARPPQC,0,1,1
887,GRKKRRQARAPPQC,0,1,1
888,AQIKIWFQNRRMKWKK,0,1,0
889,RAIKIWFQNRRMKWKK,0,1,0
890,RQAKIWFQNRRMKWKK,0,1,0
891,RQIAIWFQNRRMKWKK,0,1,0
892,RQIKAWFQNRRMKWKK,0,1,0
893,RQIKIAFQNRRMKWKK,0,1,0
894,RQIKIWAQNRRMKWKK,0,1,0
895,RQIKIWFANRRMKWKK,0,1,0
896,RQIKIWFQARRMKWKK,0,1,0
897,RQIKIWFQNARMKWKK,0,1,0
898,RQIKIWFQNRAMKWKK,0,1,0
899,RQIKIWFQNRRAKWKK,0,1,0
900,RQIKIWFQNRRMAWKK,0,1,0
901,RQIKIWFQNRRMKAKK,0,1,0
902,RQIKIWFQNRRMKWAK,0,1,0
903,RQIKIWFQNRRMKWKA,0,1,0
904,CRQIKIWFPNRRMKWKKC,0,1,0
905,GRPRESGKKRKRKRLKP,0,1,1
906,GKRKKKGKLGKKRDP,0,1,1
907,GKRKKKGKLGKKRPRSR,0,1,1
908,RKKRRRESRRARRSPRHL,0,1,1
909,SRRARRSPRESGKKRKRKR,0,1,1
910,VKRGLKLRHVRPRVTRMDV,0,1,0
911,SRRARRSPRHLGSG,0,1,1
912,LRRERQSRLRRERQSR,0,1,1
913,IPSRWKDQFWKRWHY,0,1,0
914,GYGNCRHFKQKPRRD,0,1,0
915,KNAWKHSSCHHRHQI,0,1,0
916,WKCRRQCFRVLHHWN,0,1,0
917,RVRILARFLRTRV,0,0,0
918,KWFETWFTEWPKKRK,0,1,0
919,PSSSSSSRIGDP,0,1,1
920,VRLPPPVRLPPPVRLPPP,0,1,0
921,ALWKTLLKKVLKAPKKKRKV,0,1,0
922,PKKKRKVALWKTLLKKVLKA,0,1,0
923,VKRKKKPALWKTLLKKVLKA,0,1,0
924,RQARRNRRRALWKTLLKKVLKA,0,1,0
925,GRKKRRQRRRPPQC,0,1,1
926,GKKKKRKREKL,0,1,1
927,RGGRLSYSRRRFSTSTGR,0,1,1
928,RGGRLAYLRRRWAVLGR,0,0,0
929,RHIKIWFQNRRMKWKK,0,1,0
930,VKLPPPVKLPPPVKLPPP,0,1,1
931,GSGKKGGKKHCQKY,0,1,1
932,GSGKKGGKKICQKY,0,1,1
933,YTAIAWVKAFIRKLRK,0,0,0
934,LIRLWSHLIHIWFQNRRLKWKKK,0,1,0
936,CGAYDLRRRERQSRLRRRERQSR,0,1,0
937,RKKRRRESRKKRRRESC,0,1,1
938,MIIYRDLISKK,0,0,0
939,MIIYRALISHKK,0,0,0
940,MIIYRIAASHKK,0,0,0
941,MIIFRIAASHKK,0,0,0
942,MIIFRALISHKK,0,0,0
943,MIIFRAAASHKK,0,0,0
944,FIIFRIAASHKK,0,0,0
945,LIIFRIAASHKK,0,0,0
946,WIIFRIAASHKK,0,0,0
947,WIIFRAAASHKK,0,0,0
948,WIIFRALISHKK,0,0,0
949,MIIFRIAAYHKK,0,0,0
950,WIIFRIAAYHKK,0,0,0
951,MIIFRIAATHKK,0,0,0
952,WIIFRIAATHKK,0,0,0
953,MIIFKIAASHKK,0,0,0
954,WIIFKIAASHKK,0,0,0
955,MIIFAIAASHKK,0,0,0
956,LIIFRILISHKK,0,0,0
957,MIIFRILISHKK,0,0,0
958,LIIFRILISHRR,0,0,0
959,LIIFAIAASHKK,0,0,0
960,GYGRKKRRGRRRTHRLPRRRRRR,0,1,0
961,GLWRALWRALWRSLWKLKRKV,0,1,0
962,GLWRALWRGLRSLWKLKRKV,0,1,0
963,GLWRALWRGLRSLWKKKRKV,0,1,0
965,GLWRALWRALWRSLWKSKRKV,0,1,0
966,GLWRALWRALWRSLWKKKRKV,0,1,0
967,PARAARRAARR,0,0,0
968,YPRAARRAARR,0,0,0
969,YRRAARRAARA,0,0,0
970,YGRAARRAARR,0,0,0
971,YAREARRAARR,0,0,0
972,YEREARRAARR,0,0,0
973,YKRAARRAARR,0,0,0
974,YARKARRAARR,0,0,0
975,YKRKARRAARR,0,0,0
976,YGRRARRAARR,0,0,0
977,YGRRARRRARR,0,0,0
978,YGRRARRRRRR,0,0,1
979,YGRRRRRRRRR,0,0,1
980,YRRRRRRRRRR,0,0,1
981,CWKKKKKKKKKKKKKKKKKK,0,1,1
982,KKKKKKKKKKKKKKKKKKK,0,1,1
983,RRRRRRRRRRRTYADFIASGRTGRRNAI,0,0,0
984,KLALKLALKALKAALKLAGC,0,1,0
985,TRQARRNRRRRWRERQRGC,0,1,0
986,RRRRNRTRRNRRRVRGC,0,1,0
987,KMTRAQRRAAARRNRWTARGC,0,1,0
988,TRRQRTRRARRNRGC,0,1,1
989,RIKAERKRMRNRIAASKSRKRKLERIARGC,0,1,0
990,KRRIRRERNKMAAAKSRNRRRELTDTGC,0,1,0
991,RRRRRRRRRCQCRRKN,0,1,1
992,RRRRRRRGGIYLATALAKWALKQGF,0,0,0
993,IYLATALAKWALKQGFGGRRRRRRR,0,0,0
994,IYLATALAKWALKQGGRRRRRRR,0,0,0
995,RRRRRRRGGKLAKLAKKLAKLAK,0,1,0
996,KLAKLAKKLAKLAKGGRRRRRRR,0,1,0
997,KLAKLAKKLAKLAKGRKKRRQRRRP,0,1,0
998,RGDRRRRRRRR,0,0,1
999,HHHHHHHHHHHHHHHHHHHHRRRRRRRRRRRRRRR,0,1,0
1000,PKKKRKVWKLLQQFFGLM,0,1,0
1001,KCFRWQRNRRKVRGRPVRCIKR,0,1,0
1002,KRFRWQRNMRKVRGRPVRSIKR,0,1,0
1003,GRGDSPRRSPRR,0,1,1
1004,GRGDSPRRKKKKSPRRKKKKSPRR,0,1,1
1005,GRGDGPRRKKKKGPRRKKKKGPRR,0,1,1
1006,YARVRRRGPRR,0,0,0
1007,CRRLRHLRHHYRRRWHRFRC,0,1,0
1008,CLLYWFRRRHRHHRRRHRRC,0,1,0
1009,FSGSGSGSGRRRRRRRRGC,0,1,0
1010,GSGSGSGSGRRRRRRRRGC,0,1,0
1011,GGGGRRRRRRRRRLLLL,0,1,0
1012,CGGGRRRRRRRRRLLLL,0,1,0
1013,RIMRILRILKLAR,0,0,0
1014,RKKRRQRRRGGGKLLKLLLKLLLKLLK,0,1,0
1015,CELAGIGILTVRKKRRQRRR,0,1,0
1016,YGRGGRRGRRR,0,1,1
1017,HEHEHEHEHEHEHEHEHEHEHEHEEFGGGGGYGRKKRRQRRR,0,1,0
1018,WELVVLGKLYGRKKRRQRRR,0,1,0
1019,WELVVLGYGRKKRRQRRR,0,1,0
1020,WELVYGRKKRRQRRR,0,1,0
1021,WEYGRKKRRQRRR,0,1,0
1022,WELVVAYGRKKRRQRRR,0,1,0
1023,WEAVVLYGRKKRRQRRR,0,1,0
1024,WEAVVAYGRKKRRQRRR,0,1,0
1025,GLKKLARLFHKLLKLGC,0,1,0
1026,GLKKLARLAHKLLKLGC,0,1,0
1027,YGRKKRRQRRRGC,0,1,1
1028,RLRLRLRLRLRLRLRLKRLKRLKRLKRLKKKKKKKGYK,0,1,0
1029,RLRLRLRLRLRLRLRLKLLKLLKLLKLLKKKKKKKGYK,0,1,0
1030,RLRLRLRLRLRLRLRLKNNKNNKNNKNNKKKKKKKGYK,0,1,0
1031,LKKLLKLLKKLLKLAG,0,1,0
1032,LKKLCKLLKKLCKLAG,0,1,0
1033,YGRKKRRQRRRYGRKKRRQRRRYGRKKRRQRRR,0,1,0
1034,YGRKKRRQRRRPPQG,0,1,1
1035,VSRRRRRRGGRRRR,0,1,1
1036,RRRRRRRRRGDFK,0,1,1
1037,RKKRRQRRRRKKRRQRRR,0,1,1
1038,AKKRRQRRRAKKRRQRRR,0,1,0
1039,CAYGRKKRRQRRR,0,1,0
1040,KWSFRVSYRGISYRRSRGK,0,1,0
1041,KWFRVYRGIYRRRGK,0,1,0
1042,RRRQRRKKRGYCKCKYGRKKRRQRRR,0,1,0
1043,IPLVVPLRRRRRRRRC,0,0,0
1044,RKKRRQRRRHRRKKR,0,1,1
1045,RRRRRRRRRGPGVTWTPQAWFQWV,0,1,0
1046,LILIGRRRRRRRRGC,0,0,0
1047,FFFFFFGRRRRRRRR,0,0,0
1048,GCGGGYGRKKRRQRRR,0,1,0
1049,CHHHHHRRRRRRRRRHHHHHC,0,1,0
1050,FFLIPKGRRRRRRRRR,0,0,0
1051,GLWWKAWWKAWWKSLWWRKRKRKA,0,1,0
1052,YGRKKRPQRRR,0,1,1
1053,KLWMRWWSPTTRRYG,0,1,0
1054,RLWMRWYSPWTRRWG,0,1,0
1055,RLYMRYYSPTTRRYG,0,1,0
1056,RLWMRWYSPRTRAYG,0,1,0
1057,KRPTMRFRYTWNPMK,0,1,0
1058,WKCRRQAFRVLHHWN,0,1,0
1059,WKARRQCFRVLHHWN,0,1,0
1060,YGRKKRRQRRRENAEYLR,0,1,0
1061,YGRKKRRQRRRQNAQYLR,0,1,0
1062,YGRKKRRQRRRDYQQD,0,1,1
1063,YGRKKRRQRRRNYQQN,0,1,1
1064,CALNNYGRKKRRQRRR,0,1,0
1066,RGDRGDRRDLRLDRGDLRC,0,1,0
1067,RGDRLDRRDLRLDRRDLRC,0,1,0
1068,KKKKKKNKKLQQRGD,0,1,1
1069,RGDGPRRRPRKRRGR,0,1,1
1070,RRRQKRIVVRRRLIR,0,0,0
1071,RRVWRRYRRQRWCRR,0,1,0
1072,RRARRPRRLRPAPGR,0,1,1
1073,LLRARWRRRRSRRFR,0,0,0
1074,RGPRRQPRRHRRPRR,0,1,1
1075,RRWRRWNRFNRRRCR,0,1,0
1076,YKQSHKKGGKKGSG,0,1,1
1077,YRQSHRRGGRRGSG,0,1,1
1078,WKQSHKKGGKKGSG,0,1,1
1079,FRRKAFLHWYTG,0,1,0
1080,KALKALKKALKALKDGR,0,1,0
1082,DSDVWWGGRRLLRRLRRL,0,1,0
1083,FSLNWRPPCLFYGRKKRRQRRR,0,1,0
1084,RAGLQFPVGKLLKKLLKKLLK,0,1,0
1085,YGRKKRRQRRRLPDWHIPV,0,1,0
1086,KKCGIQDTNDKKQSD,0,1,1
1087,TCRSSGRYCRSPYDRRRRYCRRITDACV,0,1,0
1088,TCRSSARYCRSPYDRRRRYCRRITDACV,0,1,0
1089,TCRSSGRACRSPYDRRRRYCRRITDACV,0,1,0
1090,TCRSSGRYCRSAYDRRRRYCRRITDACV,0,1,0
1091,TCRSSGRYCRSPADRRRRYCRRITDACV,0,1,0
1092,TCRSSGRYCRSPYDRRRRACRRITDACV,0,1,0
1093,TCRSSGRYCRSPYDRRRRYCRRATDACV,0,1,0
1094,TCRSSGRYCRSPYDRRRRYCRRIADACV,0,1,0
1095,TCRSSGRYCRSPYDRRRRYCRRITDACA,0,1,0
1096,TARSSGRYARSPYDRRRRYCRRITDACV,0,1,0
1097,TSRSSGRYSRSPYDRRRRYCRRITDACV,0,1,0
1098,TCRSSGRYCRSPYDRRRRYARRITDAAV,0,1,0
1099,TCRSSGRYCRSPYDRRRRYSRRITDASV,0,1,0
1100,TARSSGRYCRSPYDRRRRYCRRITDAAV,0,1,0
1101,TSRSSGRYCRSPYDRRRRYCRRITDASV,0,1,0
1102,TCRSSGRYARSPYDRRRRYARRITDACV,0,1,0
1103,TCRSSGRYSRSPYDRRRRYSRRITDACV,0,1,0
1104,TARSSGRYARSPYDRRRRYARRITDAAV,0,0,0
1105,TSRSSGRYSRSPYDRRRRYSRRITDASV,0,1,0
1106,TARSSGRYARSPYDRRRRYSRRITDASV,0,1,0
1107,TSRSSGRYSRSPYDRRRRYARRITDAAV,0,1,0
1108,DCRSSGRYCRSPYDRRRRYCRRITDACV,0,1,0
1109,TCDSSGRYCRSPYDRRRRYCRRITDACV,0,1,0
1110,TCRDSGRYCRSPYDRRRRYCRRITDACV,0,1,0
1111,TCRSDGRYCRSPYDRRRRYCRRITDACV,0,1,0
1112,TCRSSDRYCRSPYDRRRRYCRRITDACV,0,1,0
1113,TCRSSGDYCRSPYDRRRRYCRRITDACV,0,1,0
1114,TCRSSGRDCRSPYDRRRRYCRRITDACV,0,1,0
1115,TCRSSGRYCDSPYDRRRRYCRRITDACV,0,1,0
1116,TCRSSGRYCRDPYDRRRRYCRRITDACV,0,1,0
1117,TCRSSGRYCRSDYDRRRRYCRRITDACV,0,1,0
1118,TCRSSGRYCRSPDDRRRRYCRRITDACV,0,1,0
1119,TCRSSGRYCRSPYDDRRRYCRRITDACV,0,1,0
1120,TCRSSGRYCRSPYDRRRRDCRRITDACV,0,1,0
1121,TCRSSGRYCRSPYDRRRRYCRRDTDACV,0,1,0
1122,TCRSSGRYCRSPYDRRRRYCRRIDDACV,0,1,0
1123,TCRSSGRYCRSPYDRRRRYCRRITDDCV,0,1,0
1124,TCRSSGRYCRSPYDRRRRYCRRITDACD,0,1,0
1125,YYSKSVGFMQW,0,1,0
1126,YYADKKTFIVL,0,0,0
1127,VFIDHPVHLKF,0,1,0
1128,NYAIFDEGHML,0,0,0
1129,AAEIGDKSWLY,0,1,0
1130,GSSDSSTLPKL,0,1,1
1131,NSDSSLTLREFY,0,1,0
1132,QSDPGTSVLGY,0,1,1
1133,RTDSCSSAQAQY,0,1,1
1134,SADDIRGIQSLY,0,1,0
1135,TLEDIATSHLY,0,1,0
1136,TSAHPEDSSFY,0,1,1
1137,VTEESFDSKFY,0,1,0
1138,KLAELEGALQK,0,1,1
1139,RTMSEAALVRK,0,1,1
1140,KTLVAELLILK,0,0,0
1141,SPRMSGLLSQT,0,1,1
1142,RPRALRDLQLL,0,0,1
1143,RVRGGEDGDRAL,0,1,1
1144,RPPAAGLRGISL,0,1,1
1145,RPRSALPRLLLP,0,1,1
1146,AEMLERVIKNY,0,1,0
1147,AEMLESVIKNY,0,1,0
1148,QEQDVDLVQKY,0,1,1
1149,SEGSEPALLHSW,0,1,1
1150,KFLGPAEHLTF,0,1,0
1151,RWLPQKNAAQF,0,1,1
1152,SLIDMRGIETV,0,1,0
1153,ASEITSKGASLY,0,1,0
1154,DSDESYMEKSLY,0,1,1
1155,GSDHQSPSSSSY,0,1,1
1156,NSDEQKITEMVY,0,1,0
1157,NTEDSSMSGYLY,0,1,0
1158,NTSDMMGRMSY,0,1,1
1159,TTDFPSESSFEY,0,1,1
1160,YLDRGTGNVSFY,0,1,0
1161,YSDDGQKWTVY,0,1,1
1162,SEIEDSTKQVF,0,1,1
1163,GLLEDERALQL,0,1,0
1165,RRRRRRRRGGDRDYKKFWAGLQGLTIYFYN,0,1,0
1166,RRRRRRRRGGQGLTIYFYNSNRDFQ,0,1,0
1167,RRRRRRRRGGILTVVELRVP,0,0,0
1168,RRRRRRRRGGC,0,1,1
1169,FKARRWQWRMKKLGAFKARRWQWRMKKLGAK,0,1,0
1170,RRWQWRRRWQWRK,0,1,0
1171,RWQWRMKKLGRWQWRMKKLGK,0,1,0
1172,ACSGRGSGCGSGRGSCG,0,1,0
1173,ACRGSGRGCGRGSGRCG,0,1,0
1174,ACSGRGRGCGRGRGSCG,0,1,0
1175,ACRGRGRGCGRGRGRCG,0,1,0
1176,ACGRGRGRCRGRGRGCG,0,1,0
1177,ACRGRGRGCRGRGRGCG,0,1,0
1178,ACGRGRGRCGRGRGRCG,0,1,0
1179,ACRGRRRGCGRRRGRCG,0,1,0
1180,ACRRSRRGCGRRSRRCG,0,1,0
1181,ACRDRFRNCPADERLCG,0,1,0
1182,ACRDRFRRCPADERLCG,0,1,0
1183,ACRDRFRRCPADRRLCG,0,1,0
1184,ACSGRGRGCGSGSGSCG,0,1,0
1185,ACRGRGRGCGSGSGSCG,0,1,0
1186,ACRGRGRGCGSGSRSCG,0,1,0
1187,ACRGRGRRCGSGSRSCG,0,1,0
1188,ACRGRGRRCGSGRRSCG,0,1,0
1189,ARCSGSGSGCGSGSGSCGR,0,1,0
1190,ARRCSGSGSGCGSGSGSCGRR,0,1,0
1191,ARRRCSGSGSGCGSGSGSCGRRR,0,1,0
1192,ARRRRCSGSGSGCGSGSGSCGRRRR,0,1,0
1193,ACSGSGSGCGSGSGSCGRRRRRRRR,0,1,0
1194,ARCSDRFRNCPADEALCGR,0,1,0
1195,ARRCSDRFRNCPADEALCGRR,0,1,0
1196,ARRRCSDRFRNCPADEALCGRRR,0,1,0
1197,ARRRRCSDRFRNCPADEALCGRRRR,0,1,0
1198,ACSDRFRNCPADEALCGRRRRRRRR,0,1,0
1199,ACSHSGHGCGHGSHSCGRRRRRRRR,0,1,0
1200,ACSHSGWGCGHGSWSCGRRRRRRRR,0,1,0
1201,ACHGRRWGCGRHRGRCG,0,1,0
1202,GLFGCGRKKRRQRRRPPQ,0,1,0
1203,KRRRRRRRRRE,0,0,1
